timestamp,sensor_id,sensor_type,value
2025-09-28 00:00:00,T-001,temperature,22.25
2025-09-28 00:00:00,L-001,luminosity,0.0
2025-09-28 00:00:00,O-001,occupancy,0.0
2025-09-28 00:15:00,T-001,temperature,21.93
2025-09-28 00:15:00,L-001,luminosity,0.0
2025-09-28 00:15:00,O-001,occupancy,0.0
2025-09-28 00:30:00,T-001,temperature,22.79
2025-09-28 00:30:00,L-001,luminosity,0.0
2025-09-28 00:30:00,O-001,occupancy,0.0
2025-09-28 00:45:00,T-001,temperature,22.38
2025-09-28 00:45:00,L-001,luminosity,0.0
2025-09-28 00:45:00,O-001,occupancy,0.0
2025-09-28 01:00:00,T-001,temperature,23.32
2025-09-28 01:00:00,L-001,luminosity,0.0
2025-09-28 01:00:00,O-001,occupancy,0.0
2025-09-28 01:15:00,T-001,temperature,23.32
2025-09-28 01:15:00,L-001,luminosity,0.0
2025-09-28 01:15:00,O-001,occupancy,0.0
2025-09-28 01:30:00,T-001,temperature,23.05
2025-09-28 01:30:00,L-001,luminosity,0.0
2025-09-28 01:30:00,O-001,occupancy,0.0
2025-09-28 01:45:00,T-001,temperature,23.71
2025-09-28 01:45:00,L-001,luminosity,0.0
2025-09-28 01:45:00,O-001,occupancy,0.0
2025-09-28 02:00:00,T-001,temperature,25.03
2025-09-28 02:00:00,L-001,luminosity,0.0
2025-09-28 02:00:00,O-001,occupancy,1.0
2025-09-28 02:15:00,T-001,temperature,24.29
2025-09-28 02:15:00,L-001,luminosity,0.0
2025-09-28 02:15:00,O-001,occupancy,0.0
2025-09-28 02:30:00,T-001,temperature,24.7
2025-09-28 02:30:00,L-001,luminosity,0.0
2025-09-28 02:30:00,O-001,occupancy,0.0
2025-09-28 02:45:00,T-001,temperature,24.85
2025-09-28 02:45:00,L-001,luminosity,0.0
2025-09-28 02:45:00,O-001,occupancy,0.0
2025-09-28 03:00:00,T-001,temperature,26.65
2025-09-28 03:00:00,L-001,luminosity,0.0
2025-09-28 03:00:00,O-001,occupancy,0.0
2025-09-28 03:15:00,T-001,temperature,25.63
2025-09-28 03:15:00,L-001,luminosity,0.0
2025-09-28 03:15:00,O-001,occupancy,0.0
2025-09-28 03:30:00,T-001,temperature,26.61
2025-09-28 03:30:00,L-001,luminosity,0.0
2025-09-28 03:30:00,O-001,occupancy,0.0
2025-09-28 03:45:00,T-001,temperature,26.33
2025-09-28 03:45:00,L-001,luminosity,0.0
2025-09-28 03:45:00,O-001,occupancy,0.0
2025-09-28 04:00:00,T-001,temperature,26.46
2025-09-28 04:00:00,L-001,luminosity,0.0
2025-09-28 04:00:00,O-001,occupancy,0.0
2025-09-28 04:15:00,T-001,temperature,26.84
2025-09-28 04:15:00,L-001,luminosity,0.0
2025-09-28 04:15:00,O-001,occupancy,0.0
2025-09-28 04:30:00,T-001,temperature,27.36
2025-09-28 04:30:00,L-001,luminosity,0.0
2025-09-28 04:30:00,O-001,occupancy,0.0
2025-09-28 04:45:00,T-001,temperature,27.0
2025-09-28 04:45:00,L-001,luminosity,0.0
2025-09-28 04:45:00,O-001,occupancy,0.0
2025-09-28 05:00:00,T-001,temperature,28.31
2025-09-28 05:00:00,L-001,luminosity,0.0
2025-09-28 05:00:00,O-001,occupancy,0.0
2025-09-28 05:15:00,T-001,temperature,28.26
2025-09-28 05:15:00,L-001,luminosity,0.0
2025-09-28 05:15:00,O-001,occupancy,0.0
2025-09-28 05:30:00,T-001,temperature,27.96
2025-09-28 05:30:00,L-001,luminosity,0.0
2025-09-28 05:30:00,O-001,occupancy,0.0
2025-09-28 05:45:00,T-001,temperature,28.28
2025-09-28 05:45:00,L-001,luminosity,0.0
2025-09-28 05:45:00,O-001,occupancy,0.0
2025-09-28 06:00:00,T-001,temperature,28.41
2025-09-28 06:00:00,L-001,luminosity,267.8
2025-09-28 06:00:00,O-001,occupancy,0.0
2025-09-28 06:15:00,T-001,temperature,28.18
2025-09-28 06:15:00,L-001,luminosity,167.7
2025-09-28 06:15:00,O-001,occupancy,0.0
2025-09-28 06:30:00,T-001,temperature,27.98
2025-09-28 06:30:00,L-001,luminosity,278.2
2025-09-28 06:30:00,O-001,occupancy,0.0
2025-09-28 06:45:00,T-001,temperature,28.04
2025-09-28 06:45:00,L-001,luminosity,185.0
2025-09-28 06:45:00,O-001,occupancy,0.0
2025-09-28 07:00:00,T-001,temperature,27.69
2025-09-28 07:00:00,L-001,luminosity,424.9
2025-09-28 07:00:00,O-001,occupancy,0.0
2025-09-28 07:15:00,T-001,temperature,27.39
2025-09-28 07:15:00,L-001,luminosity,382.0
2025-09-28 07:15:00,O-001,occupancy,0.0
2025-09-28 07:30:00,T-001,temperature,28.25
2025-09-28 07:30:00,L-001,luminosity,423.5
2025-09-28 07:30:00,O-001,occupancy,0.0
2025-09-28 07:45:00,T-001,temperature,27.84
2025-09-28 07:45:00,L-001,luminosity,455.5
2025-09-28 07:45:00,O-001,occupancy,0.0
2025-09-28 08:00:00,T-001,temperature,26.85
2025-09-28 08:00:00,L-001,luminosity,583.6
2025-09-28 08:00:00,O-001,occupancy,0.0
2025-09-28 08:15:00,T-001,temperature,27.34
2025-09-28 08:15:00,L-001,luminosity,613.1
2025-09-28 08:15:00,O-001,occupancy,0.0
2025-09-28 08:30:00,T-001,temperature,26.49
2025-09-28 08:30:00,L-001,luminosity,579.0
2025-09-28 08:30:00,O-001,occupancy,0.0
2025-09-28 08:45:00,T-001,temperature,27.12
2025-09-28 08:45:00,L-001,luminosity,620.2
2025-09-28 08:45:00,O-001,occupancy,0.0
2025-09-28 09:00:00,T-001,temperature,26.37
2025-09-28 09:00:00,L-001,luminosity,762.0
2025-09-28 09:00:00,O-001,occupancy,0.0
2025-09-28 09:15:00,T-001,temperature,25.28
2025-09-28 09:15:00,L-001,luminosity,764.4
2025-09-28 09:15:00,O-001,occupancy,1.0
2025-09-28 09:30:00,T-001,temperature,26.27
2025-09-28 09:30:00,L-001,luminosity,888.8
2025-09-28 09:30:00,O-001,occupancy,0.0
2025-09-28 09:45:00,T-001,temperature,26.15
2025-09-28 09:45:00,L-001,luminosity,780.8
2025-09-28 09:45:00,O-001,occupancy,0.0
2025-09-28 10:00:00,T-001,temperature,25.57
2025-09-28 10:00:00,L-001,luminosity,930.4
2025-09-28 10:00:00,O-001,occupancy,0.0
2025-09-28 10:15:00,T-001,temperature,25.7
2025-09-28 10:15:00,L-001,luminosity,822.7
2025-09-28 10:15:00,O-001,occupancy,0.0
2025-09-28 10:30:00,T-001,temperature,24.5
2025-09-28 10:30:00,L-001,luminosity,864.5
2025-09-28 10:30:00,O-001,occupancy,0.0
2025-09-28 10:45:00,T-001,temperature,24.22
2025-09-28 10:45:00,L-001,luminosity,896.2
2025-09-28 10:45:00,O-001,occupancy,0.0
2025-09-28 11:00:00,T-001,temperature,23.09
2025-09-28 11:00:00,L-001,luminosity,1050.2
2025-09-28 11:00:00,O-001,occupancy,0.0
2025-09-28 11:15:00,T-001,temperature,23.16
2025-09-28 11:15:00,L-001,luminosity,956.6
2025-09-28 11:15:00,O-001,occupancy,0.0
2025-09-28 11:30:00,T-001,temperature,23.96
2025-09-28 11:30:00,L-001,luminosity,911.2
2025-09-28 11:30:00,O-001,occupancy,0.0
2025-09-28 11:45:00,T-001,temperature,22.75
2025-09-28 11:45:00,L-001,luminosity,982.0
2025-09-28 11:45:00,O-001,occupancy,0.0
2025-09-28 12:00:00,T-001,temperature,22.13
2025-09-28 12:00:00,L-001,luminosity,1039.1
2025-09-28 12:00:00,O-001,occupancy,0.0
2025-09-28 12:15:00,T-001,temperature,22.26
2025-09-28 12:15:00,L-001,luminosity,1014.8
2025-09-28 12:15:00,O-001,occupancy,0.0
2025-09-28 12:30:00,T-001,temperature,21.66
2025-09-28 12:30:00,L-001,luminosity,1011.6
2025-09-28 12:30:00,O-001,occupancy,0.0
2025-09-28 12:45:00,T-001,temperature,22.15
2025-09-28 12:45:00,L-001,luminosity,964.3
2025-09-28 12:45:00,O-001,occupancy,1.0
2025-09-28 13:00:00,T-001,temperature,21.38
2025-09-28 13:00:00,L-001,luminosity,996.4
2025-09-28 13:00:00,O-001,occupancy,0.0
2025-09-28 13:15:00,T-001,temperature,19.96
2025-09-28 13:15:00,L-001,luminosity,1012.1
2025-09-28 13:15:00,O-001,occupancy,0.0
2025-09-28 13:30:00,T-001,temperature,20.93
2025-09-28 13:30:00,L-001,luminosity,993.4
2025-09-28 13:30:00,O-001,occupancy,0.0
2025-09-28 13:45:00,T-001,temperature,20.32
2025-09-28 13:45:00,L-001,luminosity,935.1
2025-09-28 13:45:00,O-001,occupancy,0.0
2025-09-28 14:00:00,T-001,temperature,18.96
2025-09-28 14:00:00,L-001,luminosity,909.9
2025-09-28 14:00:00,O-001,occupancy,0.0
2025-09-28 14:15:00,T-001,temperature,19.01
2025-09-28 14:15:00,L-001,luminosity,965.5
2025-09-28 14:15:00,O-001,occupancy,0.0
2025-09-28 14:30:00,T-001,temperature,19.31
2025-09-28 14:30:00,L-001,luminosity,850.0
2025-09-28 14:30:00,O-001,occupancy,1.0
2025-09-28 14:45:00,T-001,temperature,18.46
2025-09-28 14:45:00,L-001,luminosity,916.9
2025-09-28 14:45:00,O-001,occupancy,0.0
2025-09-28 15:00:00,T-001,temperature,17.65
2025-09-28 15:00:00,L-001,luminosity,801.4
2025-09-28 15:00:00,O-001,occupancy,0.0
2025-09-28 15:15:00,T-001,temperature,17.99
2025-09-28 15:15:00,L-001,luminosity,762.0
2025-09-28 15:15:00,O-001,occupancy,0.0
2025-09-28 15:30:00,T-001,temperature,17.33
2025-09-28 15:30:00,L-001,luminosity,689.9
2025-09-28 15:30:00,O-001,occupancy,0.0
2025-09-28 15:45:00,T-001,temperature,17.86
2025-09-28 15:45:00,L-001,luminosity,703.4
2025-09-28 15:45:00,O-001,occupancy,0.0
2025-09-28 16:00:00,T-001,temperature,16.36
2025-09-28 16:00:00,L-001,luminosity,607.7
2025-09-28 16:00:00,O-001,occupancy,0.0
2025-09-28 16:15:00,T-001,temperature,16.83
2025-09-28 16:15:00,L-001,luminosity,542.9
2025-09-28 16:15:00,O-001,occupancy,0.0
2025-09-28 16:30:00,T-001,temperature,17.35
2025-09-28 16:30:00,L-001,luminosity,652.7
2025-09-28 16:30:00,O-001,occupancy,0.0
2025-09-28 16:45:00,T-001,temperature,17.06
2025-09-28 16:45:00,L-001,luminosity,625.7
2025-09-28 16:45:00,O-001,occupancy,0.0
2025-09-28 17:00:00,T-001,temperature,16.46
2025-09-28 17:00:00,L-001,luminosity,599.7
2025-09-28 17:00:00,O-001,occupancy,0.0
2025-09-28 17:15:00,T-001,temperature,16.68
2025-09-28 17:15:00,L-001,luminosity,439.6
2025-09-28 17:15:00,O-001,occupancy,0.0
2025-09-28 17:30:00,T-001,temperature,16.0
2025-09-28 17:30:00,L-001,luminosity,395.2
2025-09-28 17:30:00,O-001,occupancy,1.0
2025-09-28 17:45:00,T-001,temperature,17.36
2025-09-28 17:45:00,L-001,luminosity,313.7
2025-09-28 17:45:00,O-001,occupancy,0.0
2025-09-28 18:00:00,T-001,temperature,16.0
2025-09-28 18:00:00,L-001,luminosity,254.4
2025-09-28 18:00:00,O-001,occupancy,0.0
2025-09-28 18:15:00,T-001,temperature,16.0
2025-09-28 18:15:00,L-001,luminosity,234.0
2025-09-28 18:15:00,O-001,occupancy,0.0
2025-09-28 18:30:00,T-001,temperature,16.02
2025-09-28 18:30:00,L-001,luminosity,167.4
2025-09-28 18:30:00,O-001,occupancy,0.0
2025-09-28 18:45:00,T-001,temperature,16.0
2025-09-28 18:45:00,L-001,luminosity,209.3
2025-09-28 18:45:00,O-001,occupancy,0.0
2025-09-28 19:00:00,T-001,temperature,16.0
2025-09-28 19:00:00,L-001,luminosity,0.0
2025-09-28 19:00:00,O-001,occupancy,0.0
2025-09-28 19:15:00,T-001,temperature,16.15
2025-09-28 19:15:00,L-001,luminosity,0.0
2025-09-28 19:15:00,O-001,occupancy,0.0
2025-09-28 19:30:00,T-001,temperature,16.0
2025-09-28 19:30:00,L-001,luminosity,0.0
2025-09-28 19:30:00,O-001,occupancy,0.0
2025-09-28 19:45:00,T-001,temperature,16.04
2025-09-28 19:45:00,L-001,luminosity,0.0
2025-09-28 19:45:00,O-001,occupancy,0.0
2025-09-28 20:00:00,T-001,temperature,16.17
2025-09-28 20:00:00,L-001,luminosity,0.0
2025-09-28 20:00:00,O-001,occupancy,0.0
2025-09-28 20:15:00,T-001,temperature,17.26
2025-09-28 20:15:00,L-001,luminosity,0.0
2025-09-28 20:15:00,O-001,occupancy,0.0
2025-09-28 20:30:00,T-001,temperature,16.04
2025-09-28 20:30:00,L-001,luminosity,0.0
2025-09-28 20:30:00,O-001,occupancy,0.0
2025-09-28 20:45:00,T-001,temperature,16.56
2025-09-28 20:45:00,L-001,luminosity,0.0
2025-09-28 20:45:00,O-001,occupancy,1.0
2025-09-28 21:00:00,T-001,temperature,17.98
2025-09-28 21:00:00,L-001,luminosity,0.0
2025-09-28 21:00:00,O-001,occupancy,0.0
2025-09-28 21:15:00,T-001,temperature,18.14
2025-09-28 21:15:00,L-001,luminosity,0.0
2025-09-28 21:15:00,O-001,occupancy,0.0
2025-09-28 21:30:00,T-001,temperature,17.63
2025-09-28 21:30:00,L-001,luminosity,0.0
2025-09-28 21:30:00,O-001,occupancy,0.0
2025-09-28 21:45:00,T-001,temperature,17.13
2025-09-28 21:45:00,L-001,luminosity,0.0
2025-09-28 21:45:00,O-001,occupancy,1.0
2025-09-28 22:00:00,T-001,temperature,19.72
2025-09-28 22:00:00,L-001,luminosity,0.0
2025-09-28 22:00:00,O-001,occupancy,0.0
2025-09-28 22:15:00,T-001,temperature,18.28
2025-09-28 22:15:00,L-001,luminosity,0.0
2025-09-28 22:15:00,O-001,occupancy,0.0
2025-09-28 22:30:00,T-001,temperature,19.1
2025-09-28 22:30:00,L-001,luminosity,0.0
2025-09-28 22:30:00,O-001,occupancy,0.0
2025-09-28 22:45:00,T-001,temperature,18.7
2025-09-28 22:45:00,L-001,luminosity,0.0
2025-09-28 22:45:00,O-001,occupancy,0.0
2025-09-28 23:00:00,T-001,temperature,21.24
2025-09-28 23:00:00,L-001,luminosity,0.0
2025-09-28 23:00:00,O-001,occupancy,0.0
2025-09-28 23:15:00,T-001,temperature,19.83
2025-09-28 23:15:00,L-001,luminosity,0.0
2025-09-28 23:15:00,O-001,occupancy,0.0
2025-09-28 23:30:00,T-001,temperature,20.59
2025-09-28 23:30:00,L-001,luminosity,0.0
2025-09-28 23:30:00,O-001,occupancy,0.0
2025-09-28 23:45:00,T-001,temperature,20.14
2025-09-28 23:45:00,L-001,luminosity,0.0
2025-09-28 23:45:00,O-001,occupancy,1.0
2025-09-29 00:00:00,T-001,temperature,21.71
2025-09-29 00:00:00,L-001,luminosity,0.0
2025-09-29 00:00:00,O-001,occupancy,0.0
2025-09-29 00:15:00,T-001,temperature,22.42
2025-09-29 00:15:00,L-001,luminosity,0.0
2025-09-29 00:15:00,O-001,occupancy,0.0
2025-09-29 00:30:00,T-001,temperature,22.45
2025-09-29 00:30:00,L-001,luminosity,0.0
2025-09-29 00:30:00,O-001,occupancy,0.0
2025-09-29 00:45:00,T-001,temperature,22.15
2025-09-29 00:45:00,L-001,luminosity,0.0
2025-09-29 00:45:00,O-001,occupancy,0.0
2025-09-29 01:00:00,T-001,temperature,23.14
2025-09-29 01:00:00,L-001,luminosity,0.0
2025-09-29 01:00:00,O-001,occupancy,0.0
2025-09-29 01:15:00,T-001,temperature,23.27
2025-09-29 01:15:00,L-001,luminosity,0.0
2025-09-29 01:15:00,O-001,occupancy,0.0
2025-09-29 01:30:00,T-001,temperature,23.54
2025-09-29 01:30:00,L-001,luminosity,0.0
2025-09-29 01:30:00,O-001,occupancy,0.0
2025-09-29 01:45:00,T-001,temperature,23.61
2025-09-29 01:45:00,L-001,luminosity,0.0
2025-09-29 01:45:00,O-001,occupancy,0.0
2025-09-29 02:00:00,T-001,temperature,25.27
2025-09-29 02:00:00,L-001,luminosity,0.0
2025-09-29 02:00:00,O-001,occupancy,0.0
2025-09-29 02:15:00,T-001,temperature,24.9
2025-09-29 02:15:00,L-001,luminosity,0.0
2025-09-29 02:15:00,O-001,occupancy,0.0
2025-09-29 02:30:00,T-001,temperature,25.41
2025-09-29 02:30:00,L-001,luminosity,0.0
2025-09-29 02:30:00,O-001,occupancy,0.0
2025-09-29 02:45:00,T-001,temperature,25.41
2025-09-29 02:45:00,L-001,luminosity,0.0
2025-09-29 02:45:00,O-001,occupancy,0.0
2025-09-29 03:00:00,T-001,temperature,26.9
2025-09-29 03:00:00,L-001,luminosity,0.0
2025-09-29 03:00:00,O-001,occupancy,0.0
2025-09-29 03:15:00,T-001,temperature,26.25
2025-09-29 03:15:00,L-001,luminosity,0.0
2025-09-29 03:15:00,O-001,occupancy,0.0
2025-09-29 03:30:00,T-001,temperature,26.4
2025-09-29 03:30:00,L-001,luminosity,0.0
2025-09-29 03:30:00,O-001,occupancy,0.0
2025-09-29 03:45:00,T-001,temperature,26.18
2025-09-29 03:45:00,L-001,luminosity,0.0
2025-09-29 03:45:00,O-001,occupancy,0.0
2025-09-29 04:00:00,T-001,temperature,26.79
2025-09-29 04:00:00,L-001,luminosity,0.0
2025-09-29 04:00:00,O-001,occupancy,0.0
2025-09-29 04:15:00,T-001,temperature,28.24
2025-09-29 04:15:00,L-001,luminosity,0.0
2025-09-29 04:15:00,O-001,occupancy,0.0
2025-09-29 04:30:00,T-001,temperature,27.78
2025-09-29 04:30:00,L-001,luminosity,0.0
2025-09-29 04:30:00,O-001,occupancy,0.0
2025-09-29 04:45:00,T-001,temperature,27.59
2025-09-29 04:45:00,L-001,luminosity,0.0
2025-09-29 04:45:00,O-001,occupancy,0.0
2025-09-29 05:00:00,T-001,temperature,27.79
2025-09-29 05:00:00,L-001,luminosity,0.0
2025-09-29 05:00:00,O-001,occupancy,0.0
2025-09-29 05:15:00,T-001,temperature,27.35
2025-09-29 05:15:00,L-001,luminosity,0.0
2025-09-29 05:15:00,O-001,occupancy,0.0
2025-09-29 05:30:00,T-001,temperature,28.28
2025-09-29 05:30:00,L-001,luminosity,0.0
2025-09-29 05:30:00,O-001,occupancy,0.0
2025-09-29 05:45:00,T-001,temperature,27.72
2025-09-29 05:45:00,L-001,luminosity,0.0
2025-09-29 05:45:00,O-001,occupancy,0.0
2025-09-29 06:00:00,T-001,temperature,28.21
2025-09-29 06:00:00,L-001,luminosity,171.8
2025-09-29 06:00:00,O-001,occupancy,0.0
2025-09-29 06:15:00,T-001,temperature,27.78
2025-09-29 06:15:00,L-001,luminosity,210.2
2025-09-29 06:15:00,O-001,occupancy,0.0
2025-09-29 06:30:00,T-001,temperature,27.76
2025-09-29 06:30:00,L-001,luminosity,211.6
2025-09-29 06:30:00,O-001,occupancy,0.0
2025-09-29 06:45:00,T-001,temperature,28.58
2025-09-29 06:45:00,L-001,luminosity,176.1
2025-09-29 06:45:00,O-001,occupancy,0.0
2025-09-29 07:00:00,T-001,temperature,27.44
2025-09-29 07:00:00,L-001,luminosity,396.4
2025-09-29 07:00:00,O-001,occupancy,0.0
2025-09-29 07:15:00,T-001,temperature,26.78
2025-09-29 07:15:00,L-001,luminosity,485.6
2025-09-29 07:15:00,O-001,occupancy,0.0
2025-09-29 07:30:00,T-001,temperature,27.79
2025-09-29 07:30:00,L-001,luminosity,356.9
2025-09-29 07:30:00,O-001,occupancy,1.0
2025-09-29 07:45:00,T-001,temperature,27.45
2025-09-29 07:45:00,L-001,luminosity,404.6
2025-09-29 07:45:00,O-001,occupancy,1.0
2025-09-29 08:00:00,T-001,temperature,27.36
2025-09-29 08:00:00,L-001,luminosity,558.6
2025-09-29 08:00:00,O-001,occupancy,0.0
2025-09-29 08:15:00,T-001,temperature,27.44
2025-09-29 08:15:00,L-001,luminosity,604.4
2025-09-29 08:15:00,O-001,occupancy,1.0
2025-09-29 08:30:00,T-001,temperature,27.54
2025-09-29 08:30:00,L-001,luminosity,579.9
2025-09-29 08:30:00,O-001,occupancy,1.0
2025-09-29 08:45:00,T-001,temperature,27.23
2025-09-29 08:45:00,L-001,luminosity,649.2
2025-09-29 08:45:00,O-001,occupancy,0.0
2025-09-29 09:00:00,T-001,temperature,26.29
2025-09-29 09:00:00,L-001,luminosity,727.0
2025-09-29 09:00:00,O-001,occupancy,0.0
2025-09-29 09:15:00,T-001,temperature,27.38
2025-09-29 09:15:00,L-001,luminosity,786.0
2025-09-29 09:15:00,O-001,occupancy,1.0
2025-09-29 09:30:00,T-001,temperature,27.32
2025-09-29 09:30:00,L-001,luminosity,727.3
2025-09-29 09:30:00,O-001,occupancy,1.0
2025-09-29 09:45:00,T-001,temperature,26.19
2025-09-29 09:45:00,L-001,luminosity,814.5
2025-09-29 09:45:00,O-001,occupancy,1.0
2025-09-29 10:00:00,T-001,temperature,24.58
2025-09-29 10:00:00,L-001,luminosity,862.9
2025-09-29 10:00:00,O-001,occupancy,1.0
2025-09-29 10:15:00,T-001,temperature,25.52
2025-09-29 10:15:00,L-001,luminosity,802.3
2025-09-29 10:15:00,O-001,occupancy,1.0
2025-09-29 10:30:00,T-001,temperature,25.17
2025-09-29 10:30:00,L-001,luminosity,986.6
2025-09-29 10:30:00,O-001,occupancy,1.0
2025-09-29 10:45:00,T-001,temperature,25.29
2025-09-29 10:45:00,L-001,luminosity,941.3
2025-09-29 10:45:00,O-001,occupancy,1.0
2025-09-29 11:00:00,T-001,temperature,22.89
2025-09-29 11:00:00,L-001,luminosity,1064.3
2025-09-29 11:00:00,O-001,occupancy,0.0
2025-09-29 11:15:00,T-001,temperature,23.52
2025-09-29 11:15:00,L-001,luminosity,958.6
2025-09-29 11:15:00,O-001,occupancy,0.0
2025-09-29 11:30:00,T-001,temperature,22.7
2025-09-29 11:30:00,L-001,luminosity,1040.4
2025-09-29 11:30:00,O-001,occupancy,0.0
2025-09-29 11:45:00,T-001,temperature,23.69
2025-09-29 11:45:00,L-001,luminosity,986.7
2025-09-29 11:45:00,O-001,occupancy,1.0
2025-09-29 12:00:00,T-001,temperature,21.2
2025-09-29 12:00:00,L-001,luminosity,970.0
2025-09-29 12:00:00,O-001,occupancy,1.0
2025-09-29 12:15:00,T-001,temperature,22.13
2025-09-29 12:15:00,L-001,luminosity,1015.1
2025-09-29 12:15:00,O-001,occupancy,0.0
2025-09-29 12:30:00,T-001,temperature,22.0
2025-09-29 12:30:00,L-001,luminosity,1002.3
2025-09-29 12:30:00,O-001,occupancy,0.0
2025-09-29 12:45:00,T-001,temperature,21.84
2025-09-29 12:45:00,L-001,luminosity,920.0
2025-09-29 12:45:00,O-001,occupancy,1.0
2025-09-29 13:00:00,T-001,temperature,20.51
2025-09-29 13:00:00,L-001,luminosity,998.5
2025-09-29 13:00:00,O-001,occupancy,1.0
2025-09-29 13:15:00,T-001,temperature,20.98
2025-09-29 13:15:00,L-001,luminosity,1049.8
2025-09-29 13:15:00,O-001,occupancy,1.0
2025-09-29 13:30:00,T-001,temperature,20.61
2025-09-29 13:30:00,L-001,luminosity,935.3
2025-09-29 13:30:00,O-001,occupancy,1.0
2025-09-29 13:45:00,T-001,temperature,20.5
2025-09-29 13:45:00,L-001,luminosity,1050.3
2025-09-29 13:45:00,O-001,occupancy,0.0
2025-09-29 14:00:00,T-001,temperature,20.03
2025-09-29 14:00:00,L-001,luminosity,980.6
2025-09-29 14:00:00,O-001,occupancy,0.0
2025-09-29 14:15:00,T-001,temperature,18.49
2025-09-29 14:15:00,L-001,luminosity,879.4
2025-09-29 14:15:00,O-001,occupancy,1.0
2025-09-29 14:30:00,T-001,temperature,19.32
2025-09-29 14:30:00,L-001,luminosity,961.3
2025-09-29 14:30:00,O-001,occupancy,0.0
2025-09-29 14:45:00,T-001,temperature,18.78
2025-09-29 14:45:00,L-001,luminosity,875.7
2025-09-29 14:45:00,O-001,occupancy,1.0
2025-09-29 15:00:00,T-001,temperature,18.29
2025-09-29 15:00:00,L-001,luminosity,677.7
2025-09-29 15:00:00,O-001,occupancy,1.0
2025-09-29 15:15:00,T-001,temperature,18.2
2025-09-29 15:15:00,L-001,luminosity,758.8
2025-09-29 15:15:00,O-001,occupancy,1.0
2025-09-29 15:30:00,T-001,temperature,18.51
2025-09-29 15:30:00,L-001,luminosity,769.4
2025-09-29 15:30:00,O-001,occupancy,1.0
2025-09-29 15:45:00,T-001,temperature,18.25
2025-09-29 15:45:00,L-001,luminosity,782.2
2025-09-29 15:45:00,O-001,occupancy,0.0
2025-09-29 16:00:00,T-001,temperature,16.0
2025-09-29 16:00:00,L-001,luminosity,597.2
2025-09-29 16:00:00,O-001,occupancy,1.0
2025-09-29 16:15:00,T-001,temperature,16.8
2025-09-29 16:15:00,L-001,luminosity,620.2
2025-09-29 16:15:00,O-001,occupancy,1.0
2025-09-29 16:30:00,T-001,temperature,16.15
2025-09-29 16:30:00,L-001,luminosity,633.5
2025-09-29 16:30:00,O-001,occupancy,1.0
2025-09-29 16:45:00,T-001,temperature,16.25
2025-09-29 16:45:00,L-001,luminosity,624.4
2025-09-29 16:45:00,O-001,occupancy,1.0
2025-09-29 17:00:00,T-001,temperature,16.17
2025-09-29 17:00:00,L-001,luminosity,454.8
2025-09-29 17:00:00,O-001,occupancy,1.0
2025-09-29 17:15:00,T-001,temperature,16.0
2025-09-29 17:15:00,L-001,luminosity,383.3
2025-09-29 17:15:00,O-001,occupancy,1.0
2025-09-29 17:30:00,T-001,temperature,16.0
2025-09-29 17:30:00,L-001,luminosity,367.4
2025-09-29 17:30:00,O-001,occupancy,1.0
2025-09-29 17:45:00,T-001,temperature,16.0
2025-09-29 17:45:00,L-001,luminosity,397.5
2025-09-29 17:45:00,O-001,occupancy,1.0
2025-09-29 18:00:00,T-001,temperature,16.98
2025-09-29 18:00:00,L-001,luminosity,201.8
2025-09-29 18:00:00,O-001,occupancy,1.0
2025-09-29 18:15:00,T-001,temperature,16.26
2025-09-29 18:15:00,L-001,luminosity,260.2
2025-09-29 18:15:00,O-001,occupancy,1.0
2025-09-29 18:30:00,T-001,temperature,16.0
2025-09-29 18:30:00,L-001,luminosity,189.0
2025-09-29 18:30:00,O-001,occupancy,0.0
2025-09-29 18:45:00,T-001,temperature,16.0
2025-09-29 18:45:00,L-001,luminosity,229.0
2025-09-29 18:45:00,O-001,occupancy,1.0
2025-09-29 19:00:00,T-001,temperature,16.07
2025-09-29 19:00:00,L-001,luminosity,0.0
2025-09-29 19:00:00,O-001,occupancy,0.0
2025-09-29 19:15:00,T-001,temperature,16.0
2025-09-29 19:15:00,L-001,luminosity,0.0
2025-09-29 19:15:00,O-001,occupancy,0.0
2025-09-29 19:30:00,T-001,temperature,17.03
2025-09-29 19:30:00,L-001,luminosity,0.0
2025-09-29 19:30:00,O-001,occupancy,1.0
2025-09-29 19:45:00,T-001,temperature,16.08
2025-09-29 19:45:00,L-001,luminosity,0.0
2025-09-29 19:45:00,O-001,occupancy,0.0
2025-09-29 20:00:00,T-001,temperature,17.09
2025-09-29 20:00:00,L-001,luminosity,0.0
2025-09-29 20:00:00,O-001,occupancy,0.0
2025-09-29 20:15:00,T-001,temperature,16.96
2025-09-29 20:15:00,L-001,luminosity,0.0
2025-09-29 20:15:00,O-001,occupancy,0.0
2025-09-29 20:30:00,T-001,temperature,16.74
2025-09-29 20:30:00,L-001,luminosity,0.0
2025-09-29 20:30:00,O-001,occupancy,0.0
2025-09-29 20:45:00,T-001,temperature,16.33
2025-09-29 20:45:00,L-001,luminosity,0.0
2025-09-29 20:45:00,O-001,occupancy,0.0
2025-09-29 21:00:00,T-001,temperature,17.38
2025-09-29 21:00:00,L-001,luminosity,0.0
2025-09-29 21:00:00,O-001,occupancy,1.0
2025-09-29 21:15:00,T-001,temperature,17.05
2025-09-29 21:15:00,L-001,luminosity,0.0
2025-09-29 21:15:00,O-001,occupancy,0.0
2025-09-29 21:30:00,T-001,temperature,17.43
2025-09-29 21:30:00,L-001,luminosity,0.0
2025-09-29 21:30:00,O-001,occupancy,0.0
2025-09-29 21:45:00,T-001,temperature,17.22
2025-09-29 21:45:00,L-001,luminosity,0.0
2025-09-29 21:45:00,O-001,occupancy,0.0
2025-09-29 22:00:00,T-001,temperature,19.84
2025-09-29 22:00:00,L-001,luminosity,0.0
2025-09-29 22:00:00,O-001,occupancy,0.0
2025-09-29 22:15:00,T-001,temperature,19.44
2025-09-29 22:15:00,L-001,luminosity,0.0
2025-09-29 22:15:00,O-001,occupancy,0.0
2025-09-29 22:30:00,T-001,temperature,19.04
2025-09-29 22:30:00,L-001,luminosity,0.0
2025-09-29 22:30:00,O-001,occupancy,0.0
2025-09-29 22:45:00,T-001,temperature,18.57
2025-09-29 22:45:00,L-001,luminosity,0.0
2025-09-29 22:45:00,O-001,occupancy,0.0
2025-09-29 23:00:00,T-001,temperature,19.93
2025-09-29 23:00:00,L-001,luminosity,0.0
2025-09-29 23:00:00,O-001,occupancy,0.0
2025-09-29 23:15:00,T-001,temperature,20.35
2025-09-29 23:15:00,L-001,luminosity,0.0
2025-09-29 23:15:00,O-001,occupancy,0.0
2025-09-29 23:30:00,T-001,temperature,20.91
2025-09-29 23:30:00,L-001,luminosity,0.0
2025-09-29 23:30:00,O-001,occupancy,0.0
2025-09-29 23:45:00,T-001,temperature,21.4
2025-09-29 23:45:00,L-001,luminosity,0.0
2025-09-29 23:45:00,O-001,occupancy,0.0
2025-09-30 00:00:00,T-001,temperature,21.3
2025-09-30 00:00:00,L-001,luminosity,0.0
2025-09-30 00:00:00,O-001,occupancy,0.0
2025-09-30 00:15:00,T-001,temperature,22.28
2025-09-30 00:15:00,L-001,luminosity,0.0
2025-09-30 00:15:00,O-001,occupancy,0.0
2025-09-30 00:30:00,T-001,temperature,21.67
2025-09-30 00:30:00,L-001,luminosity,0.0
2025-09-30 00:30:00,O-001,occupancy,0.0
2025-09-30 00:45:00,T-001,temperature,21.76
2025-09-30 00:45:00,L-001,luminosity,0.0
2025-09-30 00:45:00,O-001,occupancy,0.0
2025-09-30 01:00:00,T-001,temperature,23.58
2025-09-30 01:00:00,L-001,luminosity,0.0
2025-09-30 01:00:00,O-001,occupancy,0.0
2025-09-30 01:15:00,T-001,temperature,23.14
2025-09-30 01:15:00,L-001,luminosity,0.0
2025-09-30 01:15:00,O-001,occupancy,0.0
2025-09-30 01:30:00,T-001,temperature,23.43
2025-09-30 01:30:00,L-001,luminosity,0.0
2025-09-30 01:30:00,O-001,occupancy,0.0
2025-09-30 01:45:00,T-001,temperature,23.1
2025-09-30 01:45:00,L-001,luminosity,0.0
2025-09-30 01:45:00,O-001,occupancy,0.0
2025-09-30 02:00:00,T-001,temperature,24.71
2025-09-30 02:00:00,L-001,luminosity,0.0
2025-09-30 02:00:00,O-001,occupancy,0.0
2025-09-30 02:15:00,T-001,temperature,25.38
2025-09-30 02:15:00,L-001,luminosity,0.0
2025-09-30 02:15:00,O-001,occupancy,0.0
2025-09-30 02:30:00,T-001,temperature,25.05
2025-09-30 02:30:00,L-001,luminosity,0.0
2025-09-30 02:30:00,O-001,occupancy,0.0
2025-09-30 02:45:00,T-001,temperature,25.38
2025-09-30 02:45:00,L-001,luminosity,0.0
2025-09-30 02:45:00,O-001,occupancy,0.0
2025-09-30 03:00:00,T-001,temperature,25.91
2025-09-30 03:00:00,L-001,luminosity,0.0
2025-09-30 03:00:00,O-001,occupancy,0.0
2025-09-30 03:15:00,T-001,temperature,26.53
2025-09-30 03:15:00,L-001,luminosity,0.0
2025-09-30 03:15:00,O-001,occupancy,0.0
2025-09-30 03:30:00,T-001,temperature,25.43
2025-09-30 03:30:00,L-001,luminosity,0.0
2025-09-30 03:30:00,O-001,occupancy,0.0
2025-09-30 03:45:00,T-001,temperature,26.27
2025-09-30 03:45:00,L-001,luminosity,0.0
2025-09-30 03:45:00,O-001,occupancy,0.0
2025-09-30 04:00:00,T-001,temperature,27.52
2025-09-30 04:00:00,L-001,luminosity,0.0
2025-09-30 04:00:00,O-001,occupancy,0.0
2025-09-30 04:15:00,T-001,temperature,26.37
2025-09-30 04:15:00,L-001,luminosity,0.0
2025-09-30 04:15:00,O-001,occupancy,0.0
2025-09-30 04:30:00,T-001,temperature,26.87
2025-09-30 04:30:00,L-001,luminosity,0.0
2025-09-30 04:30:00,O-001,occupancy,0.0
2025-09-30 04:45:00,T-001,temperature,27.22
2025-09-30 04:45:00,L-001,luminosity,0.0
2025-09-30 04:45:00,O-001,occupancy,0.0
2025-09-30 05:00:00,T-001,temperature,28.3
2025-09-30 05:00:00,L-001,luminosity,0.0
2025-09-30 05:00:00,O-001,occupancy,0.0
2025-09-30 05:15:00,T-001,temperature,27.51
2025-09-30 05:15:00,L-001,luminosity,0.0
2025-09-30 05:15:00,O-001,occupancy,0.0
2025-09-30 05:30:00,T-001,temperature,28.06
2025-09-30 05:30:00,L-001,luminosity,0.0
2025-09-30 05:30:00,O-001,occupancy,0.0
2025-09-30 05:45:00,T-001,temperature,28.52
2025-09-30 05:45:00,L-001,luminosity,0.0
2025-09-30 05:45:00,O-001,occupancy,0.0
2025-09-30 06:00:00,T-001,temperature,28.29
2025-09-30 06:00:00,L-001,luminosity,189.8
2025-09-30 06:00:00,O-001,occupancy,0.0
2025-09-30 06:15:00,T-001,temperature,28.08
2025-09-30 06:15:00,L-001,luminosity,204.5
2025-09-30 06:15:00,O-001,occupancy,0.0
2025-09-30 06:30:00,T-001,temperature,28.04
2025-09-30 06:30:00,L-001,luminosity,192.2
2025-09-30 06:30:00,O-001,occupancy,0.0
2025-09-30 06:45:00,T-001,temperature,27.94
2025-09-30 06:45:00,L-001,luminosity,205.7
2025-09-30 06:45:00,O-001,occupancy,0.0
2025-09-30 07:00:00,T-001,temperature,27.55
2025-09-30 07:00:00,L-001,luminosity,385.4
2025-09-30 07:00:00,O-001,occupancy,1.0
2025-09-30 07:15:00,T-001,temperature,28.07
2025-09-30 07:15:00,L-001,luminosity,458.8
2025-09-30 07:15:00,O-001,occupancy,0.0
2025-09-30 07:30:00,T-001,temperature,28.23
2025-09-30 07:30:00,L-001,luminosity,390.8
2025-09-30 07:30:00,O-001,occupancy,0.0
2025-09-30 07:45:00,T-001,temperature,27.67
2025-09-30 07:45:00,L-001,luminosity,472.1
2025-09-30 07:45:00,O-001,occupancy,0.0
2025-09-30 08:00:00,T-001,temperature,26.26
2025-09-30 08:00:00,L-001,luminosity,582.4
2025-09-30 08:00:00,O-001,occupancy,0.0
2025-09-30 08:15:00,T-001,temperature,26.41
2025-09-30 08:15:00,L-001,luminosity,600.8
2025-09-30 08:15:00,O-001,occupancy,0.0
2025-09-30 08:30:00,T-001,temperature,27.61
2025-09-30 08:30:00,L-001,luminosity,489.4
2025-09-30 08:30:00,O-001,occupancy,0.0
2025-09-30 08:45:00,T-001,temperature,26.75
2025-09-30 08:45:00,L-001,luminosity,614.3
2025-09-30 08:45:00,O-001,occupancy,0.0
2025-09-30 09:00:00,T-001,temperature,25.5
2025-09-30 09:00:00,L-001,luminosity,822.9
2025-09-30 09:00:00,O-001,occupancy,1.0
2025-09-30 09:15:00,T-001,temperature,26.5
2025-09-30 09:15:00,L-001,luminosity,828.1
2025-09-30 09:15:00,O-001,occupancy,1.0
2025-09-30 09:30:00,T-001,temperature,26.33
2025-09-30 09:30:00,L-001,luminosity,778.1
2025-09-30 09:30:00,O-001,occupancy,1.0
2025-09-30 09:45:00,T-001,temperature,25.7
2025-09-30 09:45:00,L-001,luminosity,724.8
2025-09-30 09:45:00,O-001,occupancy,0.0
2025-09-30 10:00:00,T-001,temperature,25.04
2025-09-30 10:00:00,L-001,luminosity,868.9
2025-09-30 10:00:00,O-001,occupancy,0.0
2025-09-30 10:15:00,T-001,temperature,24.83
2025-09-30 10:15:00,L-001,luminosity,934.3
2025-09-30 10:15:00,O-001,occupancy,0.0
2025-09-30 10:30:00,T-001,temperature,24.87
2025-09-30 10:30:00,L-001,luminosity,843.9
2025-09-30 10:30:00,O-001,occupancy,0.0
2025-09-30 10:45:00,T-001,temperature,24.79
2025-09-30 10:45:00,L-001,luminosity,865.2
2025-09-30 10:45:00,O-001,occupancy,0.0
2025-09-30 11:00:00,T-001,temperature,23.99
2025-09-30 11:00:00,L-001,luminosity,1040.5
2025-09-30 11:00:00,O-001,occupancy,1.0
2025-09-30 11:15:00,T-001,temperature,22.74
2025-09-30 11:15:00,L-001,luminosity,986.8
2025-09-30 11:15:00,O-001,occupancy,1.0
2025-09-30 11:30:00,T-001,temperature,22.66
2025-09-30 11:30:00,L-001,luminosity,1047.5
2025-09-30 11:30:00,O-001,occupancy,1.0
2025-09-30 11:45:00,T-001,temperature,23.64
2025-09-30 11:45:00,L-001,luminosity,1104.9
2025-09-30 11:45:00,O-001,occupancy,1.0
2025-09-30 12:00:00,T-001,temperature,22.05
2025-09-30 12:00:00,L-001,luminosity,1036.3
2025-09-30 12:00:00,O-001,occupancy,1.0
2025-09-30 12:15:00,T-001,temperature,22.11
2025-09-30 12:15:00,L-001,luminosity,1022.1
2025-09-30 12:15:00,O-001,occupancy,1.0
2025-09-30 12:30:00,T-001,temperature,22.94
2025-09-30 12:30:00,L-001,luminosity,1067.3
2025-09-30 12:30:00,O-001,occupancy,1.0
2025-09-30 12:45:00,T-001,temperature,22.09
2025-09-30 12:45:00,L-001,luminosity,1005.0
2025-09-30 12:45:00,O-001,occupancy,0.0
2025-09-30 13:00:00,T-001,temperature,19.95
2025-09-30 13:00:00,L-001,luminosity,966.5
2025-09-30 13:00:00,O-001,occupancy,0.0
2025-09-30 13:15:00,T-001,temperature,21.72
2025-09-30 13:15:00,L-001,luminosity,998.9
2025-09-30 13:15:00,O-001,occupancy,1.0
2025-09-30 13:30:00,T-001,temperature,20.37
2025-09-30 13:30:00,L-001,luminosity,951.4
2025-09-30 13:30:00,O-001,occupancy,0.0
2025-09-30 13:45:00,T-001,temperature,20.87
2025-09-30 13:45:00,L-001,luminosity,856.7
2025-09-30 13:45:00,O-001,occupancy,0.0
2025-09-30 14:00:00,T-001,temperature,18.36
2025-09-30 14:00:00,L-001,luminosity,828.1
2025-09-30 14:00:00,O-001,occupancy,0.0
2025-09-30 14:15:00,T-001,temperature,18.25
2025-09-30 14:15:00,L-001,luminosity,879.8
2025-09-30 14:15:00,O-001,occupancy,1.0
2025-09-30 14:30:00,T-001,temperature,18.88
2025-09-30 14:30:00,L-001,luminosity,879.2
2025-09-30 14:30:00,O-001,occupancy,1.0
2025-09-30 14:45:00,T-001,temperature,19.4
2025-09-30 14:45:00,L-001,luminosity,885.0
2025-09-30 14:45:00,O-001,occupancy,1.0
2025-09-30 15:00:00,T-001,temperature,18.68
2025-09-30 15:00:00,L-001,luminosity,822.0
2025-09-30 15:00:00,O-001,occupancy,1.0
2025-09-30 15:15:00,T-001,temperature,17.25
2025-09-30 15:15:00,L-001,luminosity,791.5
2025-09-30 15:15:00,O-001,occupancy,0.0
2025-09-30 15:30:00,T-001,temperature,17.62
2025-09-30 15:30:00,L-001,luminosity,710.4
2025-09-30 15:30:00,O-001,occupancy,1.0
2025-09-30 15:45:00,T-001,temperature,17.76
2025-09-30 15:45:00,L-001,luminosity,773.6
2025-09-30 15:45:00,O-001,occupancy,1.0
2025-09-30 16:00:00,T-001,temperature,16.81
2025-09-30 16:00:00,L-001,luminosity,598.8
2025-09-30 16:00:00,O-001,occupancy,1.0
2025-09-30 16:15:00,T-001,temperature,16.75
2025-09-30 16:15:00,L-001,luminosity,607.8
2025-09-30 16:15:00,O-001,occupancy,1.0
2025-09-30 16:30:00,T-001,temperature,16.79
2025-09-30 16:30:00,L-001,luminosity,572.8
2025-09-30 16:30:00,O-001,occupancy,1.0
2025-09-30 16:45:00,T-001,temperature,17.5
2025-09-30 16:45:00,L-001,luminosity,467.0
2025-09-30 16:45:00,O-001,occupancy,1.0
2025-09-30 17:00:00,T-001,temperature,16.83
2025-09-30 17:00:00,L-001,luminosity,303.4
2025-09-30 17:00:00,O-001,occupancy,1.0
2025-09-30 17:15:00,T-001,temperature,16.35
2025-09-30 17:15:00,L-001,luminosity,394.3
2025-09-30 17:15:00,O-001,occupancy,0.0
2025-09-30 17:30:00,T-001,temperature,16.0
2025-09-30 17:30:00,L-001,luminosity,368.2
2025-09-30 17:30:00,O-001,occupancy,1.0
2025-09-30 17:45:00,T-001,temperature,16.02
2025-09-30 17:45:00,L-001,luminosity,403.6
2025-09-30 17:45:00,O-001,occupancy,1.0
2025-09-30 18:00:00,T-001,temperature,16.47
2025-09-30 18:00:00,L-001,luminosity,263.6
2025-09-30 18:00:00,O-001,occupancy,1.0
2025-09-30 18:15:00,T-001,temperature,16.0
2025-09-30 18:15:00,L-001,luminosity,163.6
2025-09-30 18:15:00,O-001,occupancy,0.0
2025-09-30 18:30:00,T-001,temperature,16.0
2025-09-30 18:30:00,L-001,luminosity,224.5
2025-09-30 18:30:00,O-001,occupancy,0.0
2025-09-30 18:45:00,T-001,temperature,16.0
2025-09-30 18:45:00,L-001,luminosity,188.5
2025-09-30 18:45:00,O-001,occupancy,1.0
2025-09-30 19:00:00,T-001,temperature,16.56
2025-09-30 19:00:00,L-001,luminosity,0.0
2025-09-30 19:00:00,O-001,occupancy,0.0
2025-09-30 19:15:00,T-001,temperature,16.43
2025-09-30 19:15:00,L-001,luminosity,0.0
2025-09-30 19:15:00,O-001,occupancy,0.0
2025-09-30 19:30:00,T-001,temperature,16.0
2025-09-30 19:30:00,L-001,luminosity,0.0
2025-09-30 19:30:00,O-001,occupancy,0.0
2025-09-30 19:45:00,T-001,temperature,16.51
2025-09-30 19:45:00,L-001,luminosity,0.0
2025-09-30 19:45:00,O-001,occupancy,0.0
2025-09-30 20:00:00,T-001,temperature,16.97
2025-09-30 20:00:00,L-001,luminosity,0.0
2025-09-30 20:00:00,O-001,occupancy,0.0
2025-09-30 20:15:00,T-001,temperature,16.18
2025-09-30 20:15:00,L-001,luminosity,0.0
2025-09-30 20:15:00,O-001,occupancy,0.0
2025-09-30 20:30:00,T-001,temperature,16.54
2025-09-30 20:30:00,L-001,luminosity,0.0
2025-09-30 20:30:00,O-001,occupancy,0.0
2025-09-30 20:45:00,T-001,temperature,17.33
2025-09-30 20:45:00,L-001,luminosity,0.0
2025-09-30 20:45:00,O-001,occupancy,0.0
2025-09-30 21:00:00,T-001,temperature,16.98
2025-09-30 21:00:00,L-001,luminosity,0.0
2025-09-30 21:00:00,O-001,occupancy,0.0
2025-09-30 21:15:00,T-001,temperature,18.06
2025-09-30 21:15:00,L-001,luminosity,0.0
2025-09-30 21:15:00,O-001,occupancy,0.0
2025-09-30 21:30:00,T-001,temperature,16.72
2025-09-30 21:30:00,L-001,luminosity,0.0
2025-09-30 21:30:00,O-001,occupancy,0.0
2025-09-30 21:45:00,T-001,temperature,18.61
2025-09-30 21:45:00,L-001,luminosity,0.0
2025-09-30 21:45:00,O-001,occupancy,0.0
2025-09-30 22:00:00,T-001,temperature,18.73
2025-09-30 22:00:00,L-001,luminosity,0.0
2025-09-30 22:00:00,O-001,occupancy,0.0
2025-09-30 22:15:00,T-001,temperature,19.2
2025-09-30 22:15:00,L-001,luminosity,0.0
2025-09-30 22:15:00,O-001,occupancy,0.0
2025-09-30 22:30:00,T-001,temperature,19.06
2025-09-30 22:30:00,L-001,luminosity,0.0
2025-09-30 22:30:00,O-001,occupancy,0.0
2025-09-30 22:45:00,T-001,temperature,19.08
2025-09-30 22:45:00,L-001,luminosity,0.0
2025-09-30 22:45:00,O-001,occupancy,1.0
2025-09-30 23:00:00,T-001,temperature,20.6
2025-09-30 23:00:00,L-001,luminosity,0.0
2025-09-30 23:00:00,O-001,occupancy,0.0
2025-09-30 23:15:00,T-001,temperature,19.59
2025-09-30 23:15:00,L-001,luminosity,0.0
2025-09-30 23:15:00,O-001,occupancy,0.0
2025-09-30 23:30:00,T-001,temperature,20.53
2025-09-30 23:30:00,L-001,luminosity,0.0
2025-09-30 23:30:00,O-001,occupancy,0.0
2025-09-30 23:45:00,T-001,temperature,20.36
2025-09-30 23:45:00,L-001,luminosity,0.0
2025-09-30 23:45:00,O-001,occupancy,0.0
2025-10-01 00:00:00,T-001,temperature,21.73
2025-10-01 00:00:00,L-001,luminosity,0.0
2025-10-01 00:00:00,O-001,occupancy,1.0
2025-10-01 00:15:00,T-001,temperature,21.61
2025-10-01 00:15:00,L-001,luminosity,0.0
2025-10-01 00:15:00,O-001,occupancy,0.0
2025-10-01 00:30:00,T-001,temperature,22.1
2025-10-01 00:30:00,L-001,luminosity,0.0
2025-10-01 00:30:00,O-001,occupancy,0.0
2025-10-01 00:45:00,T-001,temperature,21.51
2025-10-01 00:45:00,L-001,luminosity,0.0
2025-10-01 00:45:00,O-001,occupancy,0.0
2025-10-01 01:00:00,T-001,temperature,24.07
2025-10-01 01:00:00,L-001,luminosity,0.0
2025-10-01 01:00:00,O-001,occupancy,0.0
2025-10-01 01:15:00,T-001,temperature,23.79
2025-10-01 01:15:00,L-001,luminosity,0.0
2025-10-01 01:15:00,O-001,occupancy,1.0
2025-10-01 01:30:00,T-001,temperature,23.68
2025-10-01 01:30:00,L-001,luminosity,0.0
2025-10-01 01:30:00,O-001,occupancy,0.0
2025-10-01 01:45:00,T-001,temperature,24.04
2025-10-01 01:45:00,L-001,luminosity,0.0
2025-10-01 01:45:00,O-001,occupancy,0.0
2025-10-01 02:00:00,T-001,temperature,24.08
2025-10-01 02:00:00,L-001,luminosity,0.0
2025-10-01 02:00:00,O-001,occupancy,0.0
2025-10-01 02:15:00,T-001,temperature,24.36
2025-10-01 02:15:00,L-001,luminosity,0.0
2025-10-01 02:15:00,O-001,occupancy,1.0
2025-10-01 02:30:00,T-001,temperature,25.26
2025-10-01 02:30:00,L-001,luminosity,0.0
2025-10-01 02:30:00,O-001,occupancy,0.0
2025-10-01 02:45:00,T-001,temperature,24.64
2025-10-01 02:45:00,L-001,luminosity,0.0
2025-10-01 02:45:00,O-001,occupancy,0.0
2025-10-01 03:00:00,T-001,temperature,25.94
2025-10-01 03:00:00,L-001,luminosity,0.0
2025-10-01 03:00:00,O-001,occupancy,0.0
2025-10-01 03:15:00,T-001,temperature,25.54
2025-10-01 03:15:00,L-001,luminosity,0.0
2025-10-01 03:15:00,O-001,occupancy,0.0
2025-10-01 03:30:00,T-001,temperature,25.75
2025-10-01 03:30:00,L-001,luminosity,0.0
2025-10-01 03:30:00,O-001,occupancy,0.0
2025-10-01 03:45:00,T-001,temperature,26.77
2025-10-01 03:45:00,L-001,luminosity,0.0
2025-10-01 03:45:00,O-001,occupancy,0.0
2025-10-01 04:00:00,T-001,temperature,27.44
2025-10-01 04:00:00,L-001,luminosity,0.0
2025-10-01 04:00:00,O-001,occupancy,0.0
2025-10-01 04:15:00,T-001,temperature,27.29
2025-10-01 04:15:00,L-001,luminosity,0.0
2025-10-01 04:15:00,O-001,occupancy,0.0
2025-10-01 04:30:00,T-001,temperature,26.91
2025-10-01 04:30:00,L-001,luminosity,0.0
2025-10-01 04:30:00,O-001,occupancy,0.0
2025-10-01 04:45:00,T-001,temperature,27.26
2025-10-01 04:45:00,L-001,luminosity,0.0
2025-10-01 04:45:00,O-001,occupancy,0.0
2025-10-01 05:00:00,T-001,temperature,28.37
2025-10-01 05:00:00,L-001,luminosity,0.0
2025-10-01 05:00:00,O-001,occupancy,0.0
2025-10-01 05:15:00,T-001,temperature,27.44
2025-10-01 05:15:00,L-001,luminosity,0.0
2025-10-01 05:15:00,O-001,occupancy,0.0
2025-10-01 05:30:00,T-001,temperature,27.78
2025-10-01 05:30:00,L-001,luminosity,0.0
2025-10-01 05:30:00,O-001,occupancy,0.0
2025-10-01 05:45:00,T-001,temperature,28.68
2025-10-01 05:45:00,L-001,luminosity,0.0
2025-10-01 05:45:00,O-001,occupancy,0.0
2025-10-01 06:00:00,T-001,temperature,28.35
2025-10-01 06:00:00,L-001,luminosity,171.9
2025-10-01 06:00:00,O-001,occupancy,0.0
2025-10-01 06:15:00,T-001,temperature,27.46
2025-10-01 06:15:00,L-001,luminosity,246.5
2025-10-01 06:15:00,O-001,occupancy,0.0
2025-10-01 06:30:00,T-001,temperature,27.64
2025-10-01 06:30:00,L-001,luminosity,187.6
2025-10-01 06:30:00,O-001,occupancy,0.0
2025-10-01 06:45:00,T-001,temperature,27.34
2025-10-01 06:45:00,L-001,luminosity,188.7
2025-10-01 06:45:00,O-001,occupancy,0.0
2025-10-01 07:00:00,T-001,temperature,27.99
2025-10-01 07:00:00,L-001,luminosity,437.6
2025-10-01 07:00:00,O-001,occupancy,0.0
2025-10-01 07:15:00,T-001,temperature,28.44
2025-10-01 07:15:00,L-001,luminosity,460.2
2025-10-01 07:15:00,O-001,occupancy,0.0
2025-10-01 07:30:00,T-001,temperature,27.76
2025-10-01 07:30:00,L-001,luminosity,324.0
2025-10-01 07:30:00,O-001,occupancy,1.0
2025-10-01 07:45:00,T-001,temperature,28.2
2025-10-01 07:45:00,L-001,luminosity,413.7
2025-10-01 07:45:00,O-001,occupancy,1.0
2025-10-01 08:00:00,T-001,temperature,26.66
2025-10-01 08:00:00,L-001,luminosity,652.7
2025-10-01 08:00:00,O-001,occupancy,0.0
2025-10-01 08:15:00,T-001,temperature,27.76
2025-10-01 08:15:00,L-001,luminosity,596.0
2025-10-01 08:15:00,O-001,occupancy,0.0
2025-10-01 08:30:00,T-001,temperature,27.67
2025-10-01 08:30:00,L-001,luminosity,574.2
2025-10-01 08:30:00,O-001,occupancy,1.0
2025-10-01 08:45:00,T-001,temperature,26.49
2025-10-01 08:45:00,L-001,luminosity,625.1
2025-10-01 08:45:00,O-001,occupancy,1.0
2025-10-01 09:00:00,T-001,temperature,26.35
2025-10-01 09:00:00,L-001,luminosity,741.7
2025-10-01 09:00:00,O-001,occupancy,1.0
2025-10-01 09:15:00,T-001,temperature,26.11
2025-10-01 09:15:00,L-001,luminosity,772.4
2025-10-01 09:15:00,O-001,occupancy,1.0
2025-10-01 09:30:00,T-001,temperature,26.97
2025-10-01 09:30:00,L-001,luminosity,775.5
2025-10-01 09:30:00,O-001,occupancy,1.0
2025-10-01 09:45:00,T-001,temperature,26.68
2025-10-01 09:45:00,L-001,luminosity,779.8
2025-10-01 09:45:00,O-001,occupancy,1.0
2025-10-01 10:00:00,T-001,temperature,25.04
2025-10-01 10:00:00,L-001,luminosity,946.1
2025-10-01 10:00:00,O-001,occupancy,0.0
2025-10-01 10:15:00,T-001,temperature,25.61
2025-10-01 10:15:00,L-001,luminosity,858.6
2025-10-01 10:15:00,O-001,occupancy,1.0
2025-10-01 10:30:00,T-001,temperature,26.15
2025-10-01 10:30:00,L-001,luminosity,874.7
2025-10-01 10:30:00,O-001,occupancy,0.0
2025-10-01 10:45:00,T-001,temperature,24.16
2025-10-01 10:45:00,L-001,luminosity,804.9
2025-10-01 10:45:00,O-001,occupancy,0.0
2025-10-01 11:00:00,T-001,temperature,23.34
2025-10-01 11:00:00,L-001,luminosity,958.7
2025-10-01 11:00:00,O-001,occupancy,1.0
2025-10-01 11:15:00,T-001,temperature,23.05
2025-10-01 11:15:00,L-001,luminosity,920.2
2025-10-01 11:15:00,O-001,occupancy,1.0
2025-10-01 11:30:00,T-001,temperature,23.54
2025-10-01 11:30:00,L-001,luminosity,984.5
2025-10-01 11:30:00,O-001,occupancy,1.0
2025-10-01 11:45:00,T-001,temperature,23.02
2025-10-01 11:45:00,L-001,luminosity,1006.9
2025-10-01 11:45:00,O-001,occupancy,0.0
2025-10-01 12:00:00,T-001,temperature,22.49
2025-10-01 12:00:00,L-001,luminosity,989.3
2025-10-01 12:00:00,O-001,occupancy,0.0
2025-10-01 12:15:00,T-001,temperature,23.15
2025-10-01 12:15:00,L-001,luminosity,966.8
2025-10-01 12:15:00,O-001,occupancy,1.0
2025-10-01 12:30:00,T-001,temperature,22.08
2025-10-01 12:30:00,L-001,luminosity,1024.6
2025-10-01 12:30:00,O-001,occupancy,1.0
2025-10-01 12:45:00,T-001,temperature,21.22
2025-10-01 12:45:00,L-001,luminosity,1003.7
2025-10-01 12:45:00,O-001,occupancy,1.0
2025-10-01 13:00:00,T-001,temperature,20.14
2025-10-01 13:00:00,L-001,luminosity,945.0
2025-10-01 13:00:00,O-001,occupancy,0.0
2025-10-01 13:15:00,T-001,temperature,20.2
2025-10-01 13:15:00,L-001,luminosity,964.3
2025-10-01 13:15:00,O-001,occupancy,0.0
2025-10-01 13:30:00,T-001,temperature,21.16
2025-10-01 13:30:00,L-001,luminosity,944.2
2025-10-01 13:30:00,O-001,occupancy,1.0
2025-10-01 13:45:00,T-001,temperature,20.62
2025-10-01 13:45:00,L-001,luminosity,953.9
2025-10-01 13:45:00,O-001,occupancy,1.0
2025-10-01 14:00:00,T-001,temperature,19.1
2025-10-01 14:00:00,L-001,luminosity,817.0
2025-10-01 14:00:00,O-001,occupancy,1.0
2025-10-01 14:15:00,T-001,temperature,18.58
2025-10-01 14:15:00,L-001,luminosity,901.1
2025-10-01 14:15:00,O-001,occupancy,0.0
2025-10-01 14:30:00,T-001,temperature,18.69
2025-10-01 14:30:00,L-001,luminosity,873.4
2025-10-01 14:30:00,O-001,occupancy,0.0
2025-10-01 14:45:00,T-001,temperature,19.27
2025-10-01 14:45:00,L-001,luminosity,947.0
2025-10-01 14:45:00,O-001,occupancy,1.0
2025-10-01 15:00:00,T-001,temperature,17.67
2025-10-01 15:00:00,L-001,luminosity,725.8
2025-10-01 15:00:00,O-001,occupancy,1.0
2025-10-01 15:15:00,T-001,temperature,18.2
2025-10-01 15:15:00,L-001,luminosity,718.2
2025-10-01 15:15:00,O-001,occupancy,1.0
2025-10-01 15:30:00,T-001,temperature,17.5
2025-10-01 15:30:00,L-001,luminosity,776.9
2025-10-01 15:30:00,O-001,occupancy,0.0
2025-10-01 15:45:00,T-001,temperature,16.02
2025-10-01 15:45:00,L-001,luminosity,722.2
2025-10-01 15:45:00,O-001,occupancy,1.0
2025-10-01 16:00:00,T-001,temperature,16.56
2025-10-01 16:00:00,L-001,luminosity,652.2
2025-10-01 16:00:00,O-001,occupancy,1.0
2025-10-01 16:15:00,T-001,temperature,16.0
2025-10-01 16:15:00,L-001,luminosity,623.1
2025-10-01 16:15:00,O-001,occupancy,0.0
2025-10-01 16:30:00,T-001,temperature,17.1
2025-10-01 16:30:00,L-001,luminosity,655.4
2025-10-01 16:30:00,O-001,occupancy,0.0
2025-10-01 16:45:00,T-001,temperature,17.01
2025-10-01 16:45:00,L-001,luminosity,635.8
2025-10-01 16:45:00,O-001,occupancy,0.0
2025-10-01 17:00:00,T-001,temperature,16.74
2025-10-01 17:00:00,L-001,luminosity,465.5
2025-10-01 17:00:00,O-001,occupancy,1.0
2025-10-01 17:15:00,T-001,temperature,16.0
2025-10-01 17:15:00,L-001,luminosity,431.1
2025-10-01 17:15:00,O-001,occupancy,0.0
2025-10-01 17:30:00,T-001,temperature,16.12
2025-10-01 17:30:00,L-001,luminosity,414.4
2025-10-01 17:30:00,O-001,occupancy,1.0
2025-10-01 17:45:00,T-001,temperature,16.0
2025-10-01 17:45:00,L-001,luminosity,431.8
2025-10-01 17:45:00,O-001,occupancy,0.0
2025-10-01 18:00:00,T-001,temperature,16.01
2025-10-01 18:00:00,L-001,luminosity,263.9
2025-10-01 18:00:00,O-001,occupancy,1.0
2025-10-01 18:15:00,T-001,temperature,16.41
2025-10-01 18:15:00,L-001,luminosity,125.5
2025-10-01 18:15:00,O-001,occupancy,0.0
2025-10-01 18:30:00,T-001,temperature,16.0
2025-10-01 18:30:00,L-001,luminosity,237.3
2025-10-01 18:30:00,O-001,occupancy,0.0
2025-10-01 18:45:00,T-001,temperature,16.75
2025-10-01 18:45:00,L-001,luminosity,210.7
2025-10-01 18:45:00,O-001,occupancy,1.0
2025-10-01 19:00:00,T-001,temperature,16.33
2025-10-01 19:00:00,L-001,luminosity,0.0
2025-10-01 19:00:00,O-001,occupancy,0.0
2025-10-01 19:15:00,T-001,temperature,16.99
2025-10-01 19:15:00,L-001,luminosity,0.0
2025-10-01 19:15:00,O-001,occupancy,0.0
2025-10-01 19:30:00,T-001,temperature,16.51
2025-10-01 19:30:00,L-001,luminosity,0.0
2025-10-01 19:30:00,O-001,occupancy,1.0
2025-10-01 19:45:00,T-001,temperature,16.3
2025-10-01 19:45:00,L-001,luminosity,0.0
2025-10-01 19:45:00,O-001,occupancy,0.0
2025-10-01 20:00:00,T-001,temperature,16.58
2025-10-01 20:00:00,L-001,luminosity,0.0
2025-10-01 20:00:00,O-001,occupancy,0.0
2025-10-01 20:15:00,T-001,temperature,16.9
2025-10-01 20:15:00,L-001,luminosity,0.0
2025-10-01 20:15:00,O-001,occupancy,0.0
2025-10-01 20:30:00,T-001,temperature,16.87
2025-10-01 20:30:00,L-001,luminosity,0.0
2025-10-01 20:30:00,O-001,occupancy,0.0
2025-10-01 20:45:00,T-001,temperature,16.45
2025-10-01 20:45:00,L-001,luminosity,0.0
2025-10-01 20:45:00,O-001,occupancy,0.0
2025-10-01 21:00:00,T-001,temperature,17.48
2025-10-01 21:00:00,L-001,luminosity,0.0
2025-10-01 21:00:00,O-001,occupancy,0.0
2025-10-01 21:15:00,T-001,temperature,17.95
2025-10-01 21:15:00,L-001,luminosity,0.0
2025-10-01 21:15:00,O-001,occupancy,1.0
2025-10-01 21:30:00,T-001,temperature,18.54
2025-10-01 21:30:00,L-001,luminosity,0.0
2025-10-01 21:30:00,O-001,occupancy,0.0
2025-10-01 21:45:00,T-001,temperature,17.72
2025-10-01 21:45:00,L-001,luminosity,0.0
2025-10-01 21:45:00,O-001,occupancy,0.0
2025-10-01 22:00:00,T-001,temperature,18.28
2025-10-01 22:00:00,L-001,luminosity,0.0
2025-10-01 22:00:00,O-001,occupancy,0.0
2025-10-01 22:15:00,T-001,temperature,17.9
2025-10-01 22:15:00,L-001,luminosity,0.0
2025-10-01 22:15:00,O-001,occupancy,0.0
2025-10-01 22:30:00,T-001,temperature,18.49
2025-10-01 22:30:00,L-001,luminosity,0.0
2025-10-01 22:30:00,O-001,occupancy,0.0
2025-10-01 22:45:00,T-001,temperature,19.35
2025-10-01 22:45:00,L-001,luminosity,0.0
2025-10-01 22:45:00,O-001,occupancy,0.0
2025-10-01 23:00:00,T-001,temperature,19.81
2025-10-01 23:00:00,L-001,luminosity,0.0
2025-10-01 23:00:00,O-001,occupancy,0.0
2025-10-01 23:15:00,T-001,temperature,20.88
2025-10-01 23:15:00,L-001,luminosity,0.0
2025-10-01 23:15:00,O-001,occupancy,0.0
2025-10-01 23:30:00,T-001,temperature,20.77
2025-10-01 23:30:00,L-001,luminosity,0.0
2025-10-01 23:30:00,O-001,occupancy,0.0
2025-10-01 23:45:00,T-001,temperature,20.4
2025-10-01 23:45:00,L-001,luminosity,0.0
2025-10-01 23:45:00,O-001,occupancy,0.0
2025-10-02 00:00:00,T-001,temperature,21.24
2025-10-02 00:00:00,L-001,luminosity,0.0
2025-10-02 00:00:00,O-001,occupancy,0.0
2025-10-02 00:15:00,T-001,temperature,21.65
2025-10-02 00:15:00,L-001,luminosity,0.0
2025-10-02 00:15:00,O-001,occupancy,0.0
2025-10-02 00:30:00,T-001,temperature,21.88
2025-10-02 00:30:00,L-001,luminosity,0.0
2025-10-02 00:30:00,O-001,occupancy,0.0
2025-10-02 00:45:00,T-001,temperature,22.18
2025-10-02 00:45:00,L-001,luminosity,0.0
2025-10-02 00:45:00,O-001,occupancy,1.0
2025-10-02 01:00:00,T-001,temperature,22.93
2025-10-02 01:00:00,L-001,luminosity,0.0
2025-10-02 01:00:00,O-001,occupancy,0.0
2025-10-02 01:15:00,T-001,temperature,24.27
2025-10-02 01:15:00,L-001,luminosity,0.0
2025-10-02 01:15:00,O-001,occupancy,0.0
2025-10-02 01:30:00,T-001,temperature,23.72
2025-10-02 01:30:00,L-001,luminosity,0.0
2025-10-02 01:30:00,O-001,occupancy,0.0
2025-10-02 01:45:00,T-001,temperature,23.78
2025-10-02 01:45:00,L-001,luminosity,0.0
2025-10-02 01:45:00,O-001,occupancy,0.0
2025-10-02 02:00:00,T-001,temperature,25.32
2025-10-02 02:00:00,L-001,luminosity,0.0
2025-10-02 02:00:00,O-001,occupancy,0.0
2025-10-02 02:15:00,T-001,temperature,25.66
2025-10-02 02:15:00,L-001,luminosity,0.0
2025-10-02 02:15:00,O-001,occupancy,1.0
2025-10-02 02:30:00,T-001,temperature,25.1
2025-10-02 02:30:00,L-001,luminosity,0.0
2025-10-02 02:30:00,O-001,occupancy,0.0
2025-10-02 02:45:00,T-001,temperature,25.35
2025-10-02 02:45:00,L-001,luminosity,0.0
2025-10-02 02:45:00,O-001,occupancy,0.0
2025-10-02 03:00:00,T-001,temperature,25.9
2025-10-02 03:00:00,L-001,luminosity,0.0
2025-10-02 03:00:00,O-001,occupancy,0.0
2025-10-02 03:15:00,T-001,temperature,27.14
2025-10-02 03:15:00,L-001,luminosity,0.0
2025-10-02 03:15:00,O-001,occupancy,0.0
2025-10-02 03:30:00,T-001,temperature,26.31
2025-10-02 03:30:00,L-001,luminosity,0.0
2025-10-02 03:30:00,O-001,occupancy,0.0
2025-10-02 03:45:00,T-001,temperature,25.9
2025-10-02 03:45:00,L-001,luminosity,0.0
2025-10-02 03:45:00,O-001,occupancy,0.0
2025-10-02 04:00:00,T-001,temperature,26.97
2025-10-02 04:00:00,L-001,luminosity,0.0
2025-10-02 04:00:00,O-001,occupancy,1.0
2025-10-02 04:15:00,T-001,temperature,26.25
2025-10-02 04:15:00,L-001,luminosity,0.0
2025-10-02 04:15:00,O-001,occupancy,0.0
2025-10-02 04:30:00,T-001,temperature,26.97
2025-10-02 04:30:00,L-001,luminosity,0.0
2025-10-02 04:30:00,O-001,occupancy,0.0
2025-10-02 04:45:00,T-001,temperature,25.98
2025-10-02 04:45:00,L-001,luminosity,0.0
2025-10-02 04:45:00,O-001,occupancy,0.0
2025-10-02 05:00:00,T-001,temperature,28.19
2025-10-02 05:00:00,L-001,luminosity,0.0
2025-10-02 05:00:00,O-001,occupancy,0.0
2025-10-02 05:15:00,T-001,temperature,28.01
2025-10-02 05:15:00,L-001,luminosity,0.0
2025-10-02 05:15:00,O-001,occupancy,1.0
2025-10-02 05:30:00,T-001,temperature,27.31
2025-10-02 05:30:00,L-001,luminosity,0.0
2025-10-02 05:30:00,O-001,occupancy,0.0
2025-10-02 05:45:00,T-001,temperature,27.77
2025-10-02 05:45:00,L-001,luminosity,0.0
2025-10-02 05:45:00,O-001,occupancy,0.0
2025-10-02 06:00:00,T-001,temperature,28.0
2025-10-02 06:00:00,L-001,luminosity,142.1
2025-10-02 06:00:00,O-001,occupancy,0.0
2025-10-02 06:15:00,T-001,temperature,28.26
2025-10-02 06:15:00,L-001,luminosity,289.1
2025-10-02 06:15:00,O-001,occupancy,1.0
2025-10-02 06:30:00,T-001,temperature,28.1
2025-10-02 06:30:00,L-001,luminosity,97.9
2025-10-02 06:30:00,O-001,occupancy,0.0
2025-10-02 06:45:00,T-001,temperature,27.87
2025-10-02 06:45:00,L-001,luminosity,195.7
2025-10-02 06:45:00,O-001,occupancy,0.0
2025-10-02 07:00:00,T-001,temperature,27.29
2025-10-02 07:00:00,L-001,luminosity,393.0
2025-10-02 07:00:00,O-001,occupancy,0.0
2025-10-02 07:15:00,T-001,temperature,28.29
2025-10-02 07:15:00,L-001,luminosity,438.2
2025-10-02 07:15:00,O-001,occupancy,1.0
2025-10-02 07:30:00,T-001,temperature,28.5
2025-10-02 07:30:00,L-001,luminosity,453.3
2025-10-02 07:30:00,O-001,occupancy,1.0
2025-10-02 07:45:00,T-001,temperature,28.7
2025-10-02 07:45:00,L-001,luminosity,425.0
2025-10-02 07:45:00,O-001,occupancy,0.0
2025-10-02 08:00:00,T-001,temperature,27.64
2025-10-02 08:00:00,L-001,luminosity,631.8
2025-10-02 08:00:00,O-001,occupancy,1.0
2025-10-02 08:15:00,T-001,temperature,27.25
2025-10-02 08:15:00,L-001,luminosity,647.5
2025-10-02 08:15:00,O-001,occupancy,0.0
2025-10-02 08:30:00,T-001,temperature,28.23
2025-10-02 08:30:00,L-001,luminosity,565.5
2025-10-02 08:30:00,O-001,occupancy,1.0
2025-10-02 08:45:00,T-001,temperature,27.01
2025-10-02 08:45:00,L-001,luminosity,610.2
2025-10-02 08:45:00,O-001,occupancy,1.0
2025-10-02 09:00:00,T-001,temperature,25.92
2025-10-02 09:00:00,L-001,luminosity,741.5
2025-10-02 09:00:00,O-001,occupancy,0.0
2025-10-02 09:15:00,T-001,temperature,25.73
2025-10-02 09:15:00,L-001,luminosity,739.2
2025-10-02 09:15:00,O-001,occupancy,0.0
2025-10-02 09:30:00,T-001,temperature,26.23
2025-10-02 09:30:00,L-001,luminosity,872.8
2025-10-02 09:30:00,O-001,occupancy,1.0
2025-10-02 09:45:00,T-001,temperature,25.78
2025-10-02 09:45:00,L-001,luminosity,803.4
2025-10-02 09:45:00,O-001,occupancy,0.0
2025-10-02 10:00:00,T-001,temperature,25.02
2025-10-02 10:00:00,L-001,luminosity,898.8
2025-10-02 10:00:00,O-001,occupancy,1.0
2025-10-02 10:15:00,T-001,temperature,24.75
2025-10-02 10:15:00,L-001,luminosity,903.4
2025-10-02 10:15:00,O-001,occupancy,1.0
2025-10-02 10:30:00,T-001,temperature,24.87
2025-10-02 10:30:00,L-001,luminosity,809.4
2025-10-02 10:30:00,O-001,occupancy,0.0
2025-10-02 10:45:00,T-001,temperature,25.47
2025-10-02 10:45:00,L-001,luminosity,936.5
2025-10-02 10:45:00,O-001,occupancy,1.0
2025-10-02 11:00:00,T-001,temperature,22.94
2025-10-02 11:00:00,L-001,luminosity,899.5
2025-10-02 11:00:00,O-001,occupancy,0.0
2025-10-02 11:15:00,T-001,temperature,22.77
2025-10-02 11:15:00,L-001,luminosity,1072.8
2025-10-02 11:15:00,O-001,occupancy,0.0
2025-10-02 11:30:00,T-001,temperature,24.09
2025-10-02 11:30:00,L-001,luminosity,970.8
2025-10-02 11:30:00,O-001,occupancy,0.0
2025-10-02 11:45:00,T-001,temperature,22.74
2025-10-02 11:45:00,L-001,luminosity,944.1
2025-10-02 11:45:00,O-001,occupancy,1.0
2025-10-02 12:00:00,T-001,temperature,22.74
2025-10-02 12:00:00,L-001,luminosity,1069.0
2025-10-02 12:00:00,O-001,occupancy,0.0
2025-10-02 12:15:00,T-001,temperature,22.2
2025-10-02 12:15:00,L-001,luminosity,965.7
2025-10-02 12:15:00,O-001,occupancy,0.0
2025-10-02 12:30:00,T-001,temperature,21.72
2025-10-02 12:30:00,L-001,luminosity,966.4
2025-10-02 12:30:00,O-001,occupancy,0.0
2025-10-02 12:45:00,T-001,temperature,22.16
2025-10-02 12:45:00,L-001,luminosity,985.4
2025-10-02 12:45:00,O-001,occupancy,1.0
2025-10-02 13:00:00,T-001,temperature,20.72
2025-10-02 13:00:00,L-001,luminosity,954.2
2025-10-02 13:00:00,O-001,occupancy,1.0
2025-10-02 13:15:00,T-001,temperature,19.33
2025-10-02 13:15:00,L-001,luminosity,984.5
2025-10-02 13:15:00,O-001,occupancy,1.0
2025-10-02 13:30:00,T-001,temperature,20.27
2025-10-02 13:30:00,L-001,luminosity,916.8
2025-10-02 13:30:00,O-001,occupancy,0.0
2025-10-02 13:45:00,T-001,temperature,20.85
2025-10-02 13:45:00,L-001,luminosity,910.5
2025-10-02 13:45:00,O-001,occupancy,1.0
2025-10-02 14:00:00,T-001,temperature,18.77
2025-10-02 14:00:00,L-001,luminosity,910.1
2025-10-02 14:00:00,O-001,occupancy,0.0
2025-10-02 14:15:00,T-001,temperature,18.22
2025-10-02 14:15:00,L-001,luminosity,879.2
2025-10-02 14:15:00,O-001,occupancy,1.0
2025-10-02 14:30:00,T-001,temperature,19.04
2025-10-02 14:30:00,L-001,luminosity,828.7
2025-10-02 14:30:00,O-001,occupancy,1.0
2025-10-02 14:45:00,T-001,temperature,18.87
2025-10-02 14:45:00,L-001,luminosity,954.5
2025-10-02 14:45:00,O-001,occupancy,1.0
2025-10-02 15:00:00,T-001,temperature,18.51
2025-10-02 15:00:00,L-001,luminosity,808.2
2025-10-02 15:00:00,O-001,occupancy,1.0
2025-10-02 15:15:00,T-001,temperature,18.18
2025-10-02 15:15:00,L-001,luminosity,826.8
2025-10-02 15:15:00,O-001,occupancy,1.0
2025-10-02 15:30:00,T-001,temperature,17.95
2025-10-02 15:30:00,L-001,luminosity,787.2
2025-10-02 15:30:00,O-001,occupancy,1.0
2025-10-02 15:45:00,T-001,temperature,17.61
2025-10-02 15:45:00,L-001,luminosity,784.7
2025-10-02 15:45:00,O-001,occupancy,1.0
2025-10-02 16:00:00,T-001,temperature,16.77
2025-10-02 16:00:00,L-001,luminosity,598.1
2025-10-02 16:00:00,O-001,occupancy,1.0
2025-10-02 16:15:00,T-001,temperature,16.74
2025-10-02 16:15:00,L-001,luminosity,548.3
2025-10-02 16:15:00,O-001,occupancy,0.0
2025-10-02 16:30:00,T-001,temperature,16.84
2025-10-02 16:30:00,L-001,luminosity,500.1
2025-10-02 16:30:00,O-001,occupancy,1.0
2025-10-02 16:45:00,T-001,temperature,16.87
2025-10-02 16:45:00,L-001,luminosity,622.6
2025-10-02 16:45:00,O-001,occupancy,0.0
2025-10-02 17:00:00,T-001,temperature,16.7
2025-10-02 17:00:00,L-001,luminosity,262.2
2025-10-02 17:00:00,O-001,occupancy,1.0
2025-10-02 17:15:00,T-001,temperature,16.0
2025-10-02 17:15:00,L-001,luminosity,427.2
2025-10-02 17:15:00,O-001,occupancy,1.0
2025-10-02 17:30:00,T-001,temperature,16.76
2025-10-02 17:30:00,L-001,luminosity,355.1
2025-10-02 17:30:00,O-001,occupancy,1.0
2025-10-02 17:45:00,T-001,temperature,16.34
2025-10-02 17:45:00,L-001,luminosity,374.5
2025-10-02 17:45:00,O-001,occupancy,1.0
2025-10-02 18:00:00,T-001,temperature,16.0
2025-10-02 18:00:00,L-001,luminosity,210.9
2025-10-02 18:00:00,O-001,occupancy,0.0
2025-10-02 18:15:00,T-001,temperature,16.0
2025-10-02 18:15:00,L-001,luminosity,300.2
2025-10-02 18:15:00,O-001,occupancy,0.0
2025-10-02 18:30:00,T-001,temperature,16.1
2025-10-02 18:30:00,L-001,luminosity,252.5
2025-10-02 18:30:00,O-001,occupancy,1.0
2025-10-02 18:45:00,T-001,temperature,16.1
2025-10-02 18:45:00,L-001,luminosity,222.5
2025-10-02 18:45:00,O-001,occupancy,0.0
2025-10-02 19:00:00,T-001,temperature,16.52
2025-10-02 19:00:00,L-001,luminosity,0.0
2025-10-02 19:00:00,O-001,occupancy,0.0
2025-10-02 19:15:00,T-001,temperature,16.0
2025-10-02 19:15:00,L-001,luminosity,0.0
2025-10-02 19:15:00,O-001,occupancy,0.0
2025-10-02 19:30:00,T-001,temperature,16.36
2025-10-02 19:30:00,L-001,luminosity,0.0
2025-10-02 19:30:00,O-001,occupancy,0.0
2025-10-02 19:45:00,T-001,temperature,16.0
2025-10-02 19:45:00,L-001,luminosity,0.0
2025-10-02 19:45:00,O-001,occupancy,1.0
2025-10-02 20:00:00,T-001,temperature,16.77
2025-10-02 20:00:00,L-001,luminosity,0.0
2025-10-02 20:00:00,O-001,occupancy,0.0
2025-10-02 20:15:00,T-001,temperature,16.97
2025-10-02 20:15:00,L-001,luminosity,0.0
2025-10-02 20:15:00,O-001,occupancy,0.0
2025-10-02 20:30:00,T-001,temperature,17.61
2025-10-02 20:30:00,L-001,luminosity,0.0
2025-10-02 20:30:00,O-001,occupancy,0.0
2025-10-02 20:45:00,T-001,temperature,17.03
2025-10-02 20:45:00,L-001,luminosity,0.0
2025-10-02 20:45:00,O-001,occupancy,0.0
2025-10-02 21:00:00,T-001,temperature,18.35
2025-10-02 21:00:00,L-001,luminosity,0.0
2025-10-02 21:00:00,O-001,occupancy,0.0
2025-10-02 21:15:00,T-001,temperature,17.14
2025-10-02 21:15:00,L-001,luminosity,0.0
2025-10-02 21:15:00,O-001,occupancy,0.0
2025-10-02 21:30:00,T-001,temperature,17.61
2025-10-02 21:30:00,L-001,luminosity,0.0
2025-10-02 21:30:00,O-001,occupancy,0.0
2025-10-02 21:45:00,T-001,temperature,18.45
2025-10-02 21:45:00,L-001,luminosity,0.0
2025-10-02 21:45:00,O-001,occupancy,0.0
2025-10-02 22:00:00,T-001,temperature,18.91
2025-10-02 22:00:00,L-001,luminosity,0.0
2025-10-02 22:00:00,O-001,occupancy,0.0
2025-10-02 22:15:00,T-001,temperature,19.01
2025-10-02 22:15:00,L-001,luminosity,0.0
2025-10-02 22:15:00,O-001,occupancy,0.0
2025-10-02 22:30:00,T-001,temperature,19.8
2025-10-02 22:30:00,L-001,luminosity,0.0
2025-10-02 22:30:00,O-001,occupancy,0.0
2025-10-02 22:45:00,T-001,temperature,18.58
2025-10-02 22:45:00,L-001,luminosity,0.0
2025-10-02 22:45:00,O-001,occupancy,0.0
2025-10-02 23:00:00,T-001,temperature,20.13
2025-10-02 23:00:00,L-001,luminosity,0.0
2025-10-02 23:00:00,O-001,occupancy,0.0
2025-10-02 23:15:00,T-001,temperature,19.79
2025-10-02 23:15:00,L-001,luminosity,0.0
2025-10-02 23:15:00,O-001,occupancy,0.0
2025-10-02 23:30:00,T-001,temperature,21.27
2025-10-02 23:30:00,L-001,luminosity,0.0
2025-10-02 23:30:00,O-001,occupancy,0.0
2025-10-02 23:45:00,T-001,temperature,20.95
2025-10-02 23:45:00,L-001,luminosity,0.0
2025-10-02 23:45:00,O-001,occupancy,0.0
2025-10-03 00:00:00,T-001,temperature,22.49
2025-10-03 00:00:00,L-001,luminosity,0.0
2025-10-03 00:00:00,O-001,occupancy,0.0
2025-10-03 00:15:00,T-001,temperature,21.84
2025-10-03 00:15:00,L-001,luminosity,0.0
2025-10-03 00:15:00,O-001,occupancy,0.0
2025-10-03 00:30:00,T-001,temperature,21.31
2025-10-03 00:30:00,L-001,luminosity,0.0
2025-10-03 00:30:00,O-001,occupancy,0.0
2025-10-03 00:45:00,T-001,temperature,21.18
2025-10-03 00:45:00,L-001,luminosity,0.0
2025-10-03 00:45:00,O-001,occupancy,0.0
2025-10-03 01:00:00,T-001,temperature,24.25
2025-10-03 01:00:00,L-001,luminosity,0.0
2025-10-03 01:00:00,O-001,occupancy,0.0
2025-10-03 01:15:00,T-001,temperature,23.83
2025-10-03 01:15:00,L-001,luminosity,0.0
2025-10-03 01:15:00,O-001,occupancy,0.0
2025-10-03 01:30:00,T-001,temperature,23.93
2025-10-03 01:30:00,L-001,luminosity,0.0
2025-10-03 01:30:00,O-001,occupancy,0.0
2025-10-03 01:45:00,T-001,temperature,23.69
2025-10-03 01:45:00,L-001,luminosity,0.0
2025-10-03 01:45:00,O-001,occupancy,0.0
2025-10-03 02:00:00,T-001,temperature,24.62
2025-10-03 02:00:00,L-001,luminosity,0.0
2025-10-03 02:00:00,O-001,occupancy,0.0
2025-10-03 02:15:00,T-001,temperature,24.86
2025-10-03 02:15:00,L-001,luminosity,0.0
2025-10-03 02:15:00,O-001,occupancy,0.0
2025-10-03 02:30:00,T-001,temperature,24.51
2025-10-03 02:30:00,L-001,luminosity,0.0
2025-10-03 02:30:00,O-001,occupancy,0.0
2025-10-03 02:45:00,T-001,temperature,24.45
2025-10-03 02:45:00,L-001,luminosity,0.0
2025-10-03 02:45:00,O-001,occupancy,0.0
2025-10-03 03:00:00,T-001,temperature,26.7
2025-10-03 03:00:00,L-001,luminosity,0.0
2025-10-03 03:00:00,O-001,occupancy,0.0
2025-10-03 03:15:00,T-001,temperature,25.46
2025-10-03 03:15:00,L-001,luminosity,0.0
2025-10-03 03:15:00,O-001,occupancy,0.0
2025-10-03 03:30:00,T-001,temperature,25.75
2025-10-03 03:30:00,L-001,luminosity,0.0
2025-10-03 03:30:00,O-001,occupancy,0.0
2025-10-03 03:45:00,T-001,temperature,26.13
2025-10-03 03:45:00,L-001,luminosity,0.0
2025-10-03 03:45:00,O-001,occupancy,0.0
2025-10-03 04:00:00,T-001,temperature,27.25
2025-10-03 04:00:00,L-001,luminosity,0.0
2025-10-03 04:00:00,O-001,occupancy,0.0
2025-10-03 04:15:00,T-001,temperature,26.53
2025-10-03 04:15:00,L-001,luminosity,0.0
2025-10-03 04:15:00,O-001,occupancy,0.0
2025-10-03 04:30:00,T-001,temperature,26.4
2025-10-03 04:30:00,L-001,luminosity,0.0
2025-10-03 04:30:00,O-001,occupancy,0.0
2025-10-03 04:45:00,T-001,temperature,27.42
2025-10-03 04:45:00,L-001,luminosity,0.0
2025-10-03 04:45:00,O-001,occupancy,0.0
2025-10-03 05:00:00,T-001,temperature,27.91
2025-10-03 05:00:00,L-001,luminosity,0.0
2025-10-03 05:00:00,O-001,occupancy,1.0
2025-10-03 05:15:00,T-001,temperature,28.48
2025-10-03 05:15:00,L-001,luminosity,0.0
2025-10-03 05:15:00,O-001,occupancy,0.0
2025-10-03 05:30:00,T-001,temperature,27.86
2025-10-03 05:30:00,L-001,luminosity,0.0
2025-10-03 05:30:00,O-001,occupancy,0.0
2025-10-03 05:45:00,T-001,temperature,28.07
2025-10-03 05:45:00,L-001,luminosity,0.0
2025-10-03 05:45:00,O-001,occupancy,0.0
2025-10-03 06:00:00,T-001,temperature,27.65
2025-10-03 06:00:00,L-001,luminosity,166.9
2025-10-03 06:00:00,O-001,occupancy,0.0
2025-10-03 06:15:00,T-001,temperature,28.57
2025-10-03 06:15:00,L-001,luminosity,185.0
2025-10-03 06:15:00,O-001,occupancy,0.0
2025-10-03 06:30:00,T-001,temperature,27.38
2025-10-03 06:30:00,L-001,luminosity,165.4
2025-10-03 06:30:00,O-001,occupancy,0.0
2025-10-03 06:45:00,T-001,temperature,28.4
2025-10-03 06:45:00,L-001,luminosity,172.0
2025-10-03 06:45:00,O-001,occupancy,0.0
2025-10-03 07:00:00,T-001,temperature,27.46
2025-10-03 07:00:00,L-001,luminosity,421.0
2025-10-03 07:00:00,O-001,occupancy,0.0
2025-10-03 07:15:00,T-001,temperature,28.91
2025-10-03 07:15:00,L-001,luminosity,345.2
2025-10-03 07:15:00,O-001,occupancy,1.0
2025-10-03 07:30:00,T-001,temperature,28.11
2025-10-03 07:30:00,L-001,luminosity,427.7
2025-10-03 07:30:00,O-001,occupancy,1.0
2025-10-03 07:45:00,T-001,temperature,28.41
2025-10-03 07:45:00,L-001,luminosity,488.2
2025-10-03 07:45:00,O-001,occupancy,0.0
2025-10-03 08:00:00,T-001,temperature,26.92
2025-10-03 08:00:00,L-001,luminosity,531.5
2025-10-03 08:00:00,O-001,occupancy,1.0
2025-10-03 08:15:00,T-001,temperature,27.35
2025-10-03 08:15:00,L-001,luminosity,599.9
2025-10-03 08:15:00,O-001,occupancy,1.0
2025-10-03 08:30:00,T-001,temperature,26.79
2025-10-03 08:30:00,L-001,luminosity,682.0
2025-10-03 08:30:00,O-001,occupancy,1.0
2025-10-03 08:45:00,T-001,temperature,27.68
2025-10-03 08:45:00,L-001,luminosity,655.2
2025-10-03 08:45:00,O-001,occupancy,0.0
2025-10-03 09:00:00,T-001,temperature,26.53
2025-10-03 09:00:00,L-001,luminosity,847.1
2025-10-03 09:00:00,O-001,occupancy,1.0
2025-10-03 09:15:00,T-001,temperature,25.69
2025-10-03 09:15:00,L-001,luminosity,730.1
2025-10-03 09:15:00,O-001,occupancy,1.0
2025-10-03 09:30:00,T-001,temperature,26.26
2025-10-03 09:30:00,L-001,luminosity,727.2
2025-10-03 09:30:00,O-001,occupancy,1.0
2025-10-03 09:45:00,T-001,temperature,25.93
2025-10-03 09:45:00,L-001,luminosity,800.8
2025-10-03 09:45:00,O-001,occupancy,1.0
2025-10-03 10:00:00,T-001,temperature,25.17
2025-10-03 10:00:00,L-001,luminosity,934.5
2025-10-03 10:00:00,O-001,occupancy,1.0
2025-10-03 10:15:00,T-001,temperature,24.41
2025-10-03 10:15:00,L-001,luminosity,831.1
2025-10-03 10:15:00,O-001,occupancy,1.0
2025-10-03 10:30:00,T-001,temperature,25.84
2025-10-03 10:30:00,L-001,luminosity,913.8
2025-10-03 10:30:00,O-001,occupancy,1.0
2025-10-03 10:45:00,T-001,temperature,25.05
2025-10-03 10:45:00,L-001,luminosity,858.8
2025-10-03 10:45:00,O-001,occupancy,0.0
2025-10-03 11:00:00,T-001,temperature,23.82
2025-10-03 11:00:00,L-001,luminosity,926.7
2025-10-03 11:00:00,O-001,occupancy,1.0
2025-10-03 11:15:00,T-001,temperature,23.1
2025-10-03 11:15:00,L-001,luminosity,976.8
2025-10-03 11:15:00,O-001,occupancy,1.0
2025-10-03 11:30:00,T-001,temperature,23.19
2025-10-03 11:30:00,L-001,luminosity,1034.5
2025-10-03 11:30:00,O-001,occupancy,1.0
2025-10-03 11:45:00,T-001,temperature,23.29
2025-10-03 11:45:00,L-001,luminosity,902.4
2025-10-03 11:45:00,O-001,occupancy,1.0
2025-10-03 12:00:00,T-001,temperature,22.61
2025-10-03 12:00:00,L-001,luminosity,1007.1
2025-10-03 12:00:00,O-001,occupancy,1.0
2025-10-03 12:15:00,T-001,temperature,21.63
2025-10-03 12:15:00,L-001,luminosity,1011.3
2025-10-03 12:15:00,O-001,occupancy,0.0
2025-10-03 12:30:00,T-001,temperature,22.07
2025-10-03 12:30:00,L-001,luminosity,992.4
2025-10-03 12:30:00,O-001,occupancy,0.0
2025-10-03 12:45:00,T-001,temperature,21.46
2025-10-03 12:45:00,L-001,luminosity,955.5
2025-10-03 12:45:00,O-001,occupancy,1.0
2025-10-03 13:00:00,T-001,temperature,19.53
2025-10-03 13:00:00,L-001,luminosity,998.1
2025-10-03 13:00:00,O-001,occupancy,1.0
2025-10-03 13:15:00,T-001,temperature,21.52
2025-10-03 13:15:00,L-001,luminosity,916.2
2025-10-03 13:15:00,O-001,occupancy,1.0
2025-10-03 13:30:00,T-001,temperature,20.44
2025-10-03 13:30:00,L-001,luminosity,1014.7
2025-10-03 13:30:00,O-001,occupancy,0.0
2025-10-03 13:45:00,T-001,temperature,20.25
2025-10-03 13:45:00,L-001,luminosity,995.9
2025-10-03 13:45:00,O-001,occupancy,0.0
2025-10-03 14:00:00,T-001,temperature,19.04
2025-10-03 14:00:00,L-001,luminosity,887.9
2025-10-03 14:00:00,O-001,occupancy,1.0
2025-10-03 14:15:00,T-001,temperature,19.28
2025-10-03 14:15:00,L-001,luminosity,922.8
2025-10-03 14:15:00,O-001,occupancy,1.0
2025-10-03 14:30:00,T-001,temperature,18.91
2025-10-03 14:30:00,L-001,luminosity,855.0
2025-10-03 14:30:00,O-001,occupancy,1.0
2025-10-03 14:45:00,T-001,temperature,18.48
2025-10-03 14:45:00,L-001,luminosity,958.5
2025-10-03 14:45:00,O-001,occupancy,0.0
2025-10-03 15:00:00,T-001,temperature,18.3
2025-10-03 15:00:00,L-001,luminosity,789.4
2025-10-03 15:00:00,O-001,occupancy,1.0
2025-10-03 15:15:00,T-001,temperature,18.99
2025-10-03 15:15:00,L-001,luminosity,750.7
2025-10-03 15:15:00,O-001,occupancy,0.0
2025-10-03 15:30:00,T-001,temperature,17.76
2025-10-03 15:30:00,L-001,luminosity,700.1
2025-10-03 15:30:00,O-001,occupancy,1.0
2025-10-03 15:45:00,T-001,temperature,17.57
2025-10-03 15:45:00,L-001,luminosity,716.1
2025-10-03 15:45:00,O-001,occupancy,1.0
2025-10-03 16:00:00,T-001,temperature,16.83
2025-10-03 16:00:00,L-001,luminosity,626.5
2025-10-03 16:00:00,O-001,occupancy,0.0
2025-10-03 16:15:00,T-001,temperature,16.0
2025-10-03 16:15:00,L-001,luminosity,567.7
2025-10-03 16:15:00,O-001,occupancy,1.0
2025-10-03 16:30:00,T-001,temperature,16.33
2025-10-03 16:30:00,L-001,luminosity,592.8
2025-10-03 16:30:00,O-001,occupancy,1.0
2025-10-03 16:45:00,T-001,temperature,17.07
2025-10-03 16:45:00,L-001,luminosity,535.9
2025-10-03 16:45:00,O-001,occupancy,1.0
2025-10-03 17:00:00,T-001,temperature,16.1
2025-10-03 17:00:00,L-001,luminosity,481.6
2025-10-03 17:00:00,O-001,occupancy,1.0
2025-10-03 17:15:00,T-001,temperature,16.0
2025-10-03 17:15:00,L-001,luminosity,386.5
2025-10-03 17:15:00,O-001,occupancy,1.0
2025-10-03 17:30:00,T-001,temperature,16.0
2025-10-03 17:30:00,L-001,luminosity,391.9
2025-10-03 17:30:00,O-001,occupancy,1.0
2025-10-03 17:45:00,T-001,temperature,16.21
2025-10-03 17:45:00,L-001,luminosity,370.6
2025-10-03 17:45:00,O-001,occupancy,0.0
2025-10-03 18:00:00,T-001,temperature,16.22
2025-10-03 18:00:00,L-001,luminosity,259.5
2025-10-03 18:00:00,O-001,occupancy,0.0
2025-10-03 18:15:00,T-001,temperature,16.25
2025-10-03 18:15:00,L-001,luminosity,314.4
2025-10-03 18:15:00,O-001,occupancy,0.0
2025-10-03 18:30:00,T-001,temperature,16.0
2025-10-03 18:30:00,L-001,luminosity,188.8
2025-10-03 18:30:00,O-001,occupancy,0.0
2025-10-03 18:45:00,T-001,temperature,16.6
2025-10-03 18:45:00,L-001,luminosity,184.2
2025-10-03 18:45:00,O-001,occupancy,0.0
2025-10-03 19:00:00,T-001,temperature,16.0
2025-10-03 19:00:00,L-001,luminosity,0.0
2025-10-03 19:00:00,O-001,occupancy,1.0
2025-10-03 19:15:00,T-001,temperature,16.0
2025-10-03 19:15:00,L-001,luminosity,0.0
2025-10-03 19:15:00,O-001,occupancy,0.0
2025-10-03 19:30:00,T-001,temperature,16.0
2025-10-03 19:30:00,L-001,luminosity,0.0
2025-10-03 19:30:00,O-001,occupancy,0.0
2025-10-03 19:45:00,T-001,temperature,16.4
2025-10-03 19:45:00,L-001,luminosity,0.0
2025-10-03 19:45:00,O-001,occupancy,1.0
2025-10-03 20:00:00,T-001,temperature,16.8
2025-10-03 20:00:00,L-001,luminosity,0.0
2025-10-03 20:00:00,O-001,occupancy,0.0
2025-10-03 20:15:00,T-001,temperature,17.09
2025-10-03 20:15:00,L-001,luminosity,0.0
2025-10-03 20:15:00,O-001,occupancy,0.0
2025-10-03 20:30:00,T-001,temperature,17.4
2025-10-03 20:30:00,L-001,luminosity,0.0
2025-10-03 20:30:00,O-001,occupancy,0.0
2025-10-03 20:45:00,T-001,temperature,16.72
2025-10-03 20:45:00,L-001,luminosity,0.0
2025-10-03 20:45:00,O-001,occupancy,0.0
2025-10-03 21:00:00,T-001,temperature,17.54
2025-10-03 21:00:00,L-001,luminosity,0.0
2025-10-03 21:00:00,O-001,occupancy,0.0
2025-10-03 21:15:00,T-001,temperature,17.31
2025-10-03 21:15:00,L-001,luminosity,0.0
2025-10-03 21:15:00,O-001,occupancy,0.0
2025-10-03 21:30:00,T-001,temperature,17.07
2025-10-03 21:30:00,L-001,luminosity,0.0
2025-10-03 21:30:00,O-001,occupancy,0.0
2025-10-03 21:45:00,T-001,temperature,16.95
2025-10-03 21:45:00,L-001,luminosity,0.0
2025-10-03 21:45:00,O-001,occupancy,0.0
2025-10-03 22:00:00,T-001,temperature,18.67
2025-10-03 22:00:00,L-001,luminosity,0.0
2025-10-03 22:00:00,O-001,occupancy,0.0
2025-10-03 22:15:00,T-001,temperature,19.52
2025-10-03 22:15:00,L-001,luminosity,0.0
2025-10-03 22:15:00,O-001,occupancy,0.0
2025-10-03 22:30:00,T-001,temperature,19.34
2025-10-03 22:30:00,L-001,luminosity,0.0
2025-10-03 22:30:00,O-001,occupancy,1.0
2025-10-03 22:45:00,T-001,temperature,18.76
2025-10-03 22:45:00,L-001,luminosity,0.0
2025-10-03 22:45:00,O-001,occupancy,0.0
2025-10-03 23:00:00,T-001,temperature,21.53
2025-10-03 23:00:00,L-001,luminosity,0.0
2025-10-03 23:00:00,O-001,occupancy,0.0
2025-10-03 23:15:00,T-001,temperature,20.14
2025-10-03 23:15:00,L-001,luminosity,0.0
2025-10-03 23:15:00,O-001,occupancy,0.0
2025-10-03 23:30:00,T-001,temperature,21.1
2025-10-03 23:30:00,L-001,luminosity,0.0
2025-10-03 23:30:00,O-001,occupancy,0.0
2025-10-03 23:45:00,T-001,temperature,21.23
2025-10-03 23:45:00,L-001,luminosity,0.0
2025-10-03 23:45:00,O-001,occupancy,0.0
2025-10-04 00:00:00,T-001,temperature,22.23
2025-10-04 00:00:00,L-001,luminosity,0.0
2025-10-04 00:00:00,O-001,occupancy,0.0
2025-10-04 00:15:00,T-001,temperature,21.66
2025-10-04 00:15:00,L-001,luminosity,0.0
2025-10-04 00:15:00,O-001,occupancy,0.0
2025-10-04 00:30:00,T-001,temperature,21.82
2025-10-04 00:30:00,L-001,luminosity,0.0
2025-10-04 00:30:00,O-001,occupancy,1.0
2025-10-04 00:45:00,T-001,temperature,22.09
2025-10-04 00:45:00,L-001,luminosity,0.0
2025-10-04 00:45:00,O-001,occupancy,0.0
2025-10-04 01:00:00,T-001,temperature,22.88
2025-10-04 01:00:00,L-001,luminosity,0.0
2025-10-04 01:00:00,O-001,occupancy,0.0
2025-10-04 01:15:00,T-001,temperature,23.07
2025-10-04 01:15:00,L-001,luminosity,0.0
2025-10-04 01:15:00,O-001,occupancy,0.0
2025-10-04 01:30:00,T-001,temperature,24.15
2025-10-04 01:30:00,L-001,luminosity,0.0
2025-10-04 01:30:00,O-001,occupancy,1.0
2025-10-04 01:45:00,T-001,temperature,23.91
2025-10-04 01:45:00,L-001,luminosity,0.0
2025-10-04 01:45:00,O-001,occupancy,0.0
2025-10-04 02:00:00,T-001,temperature,25.5
2025-10-04 02:00:00,L-001,luminosity,0.0
2025-10-04 02:00:00,O-001,occupancy,0.0
2025-10-04 02:15:00,T-001,temperature,24.62
2025-10-04 02:15:00,L-001,luminosity,0.0
2025-10-04 02:15:00,O-001,occupancy,0.0
2025-10-04 02:30:00,T-001,temperature,25.66
2025-10-04 02:30:00,L-001,luminosity,0.0
2025-10-04 02:30:00,O-001,occupancy,0.0
2025-10-04 02:45:00,T-001,temperature,25.28
2025-10-04 02:45:00,L-001,luminosity,0.0
2025-10-04 02:45:00,O-001,occupancy,0.0
2025-10-04 03:00:00,T-001,temperature,25.92
2025-10-04 03:00:00,L-001,luminosity,0.0
2025-10-04 03:00:00,O-001,occupancy,0.0
2025-10-04 03:15:00,T-001,temperature,26.71
2025-10-04 03:15:00,L-001,luminosity,0.0
2025-10-04 03:15:00,O-001,occupancy,0.0
2025-10-04 03:30:00,T-001,temperature,26.51
2025-10-04 03:30:00,L-001,luminosity,0.0
2025-10-04 03:30:00,O-001,occupancy,0.0
2025-10-04 03:45:00,T-001,temperature,26.78
2025-10-04 03:45:00,L-001,luminosity,0.0
2025-10-04 03:45:00,O-001,occupancy,0.0
2025-10-04 04:00:00,T-001,temperature,26.67
2025-10-04 04:00:00,L-001,luminosity,0.0
2025-10-04 04:00:00,O-001,occupancy,0.0
2025-10-04 04:15:00,T-001,temperature,26.21
2025-10-04 04:15:00,L-001,luminosity,0.0
2025-10-04 04:15:00,O-001,occupancy,0.0
2025-10-04 04:30:00,T-001,temperature,27.09
2025-10-04 04:30:00,L-001,luminosity,0.0
2025-10-04 04:30:00,O-001,occupancy,0.0
2025-10-04 04:45:00,T-001,temperature,27.06
2025-10-04 04:45:00,L-001,luminosity,0.0
2025-10-04 04:45:00,O-001,occupancy,0.0
2025-10-04 05:00:00,T-001,temperature,27.71
2025-10-04 05:00:00,L-001,luminosity,0.0
2025-10-04 05:00:00,O-001,occupancy,0.0
2025-10-04 05:15:00,T-001,temperature,27.94
2025-10-04 05:15:00,L-001,luminosity,0.0
2025-10-04 05:15:00,O-001,occupancy,0.0
2025-10-04 05:30:00,T-001,temperature,28.13
2025-10-04 05:30:00,L-001,luminosity,0.0
2025-10-04 05:30:00,O-001,occupancy,0.0
2025-10-04 05:45:00,T-001,temperature,28.38
2025-10-04 05:45:00,L-001,luminosity,0.0
2025-10-04 05:45:00,O-001,occupancy,0.0
2025-10-04 06:00:00,T-001,temperature,28.2
2025-10-04 06:00:00,L-001,luminosity,167.4
2025-10-04 06:00:00,O-001,occupancy,0.0
2025-10-04 06:15:00,T-001,temperature,28.62
2025-10-04 06:15:00,L-001,luminosity,201.1
2025-10-04 06:15:00,O-001,occupancy,0.0
2025-10-04 06:30:00,T-001,temperature,28.12
2025-10-04 06:30:00,L-001,luminosity,330.1
2025-10-04 06:30:00,O-001,occupancy,0.0
2025-10-04 06:45:00,T-001,temperature,28.38
2025-10-04 06:45:00,L-001,luminosity,219.1
2025-10-04 06:45:00,O-001,occupancy,0.0
2025-10-04 07:00:00,T-001,temperature,27.73
2025-10-04 07:00:00,L-001,luminosity,345.8
2025-10-04 07:00:00,O-001,occupancy,1.0
2025-10-04 07:15:00,T-001,temperature,27.69
2025-10-04 07:15:00,L-001,luminosity,364.5
2025-10-04 07:15:00,O-001,occupancy,0.0
2025-10-04 07:30:00,T-001,temperature,28.63
2025-10-04 07:30:00,L-001,luminosity,426.8
2025-10-04 07:30:00,O-001,occupancy,0.0
2025-10-04 07:45:00,T-001,temperature,28.39
2025-10-04 07:45:00,L-001,luminosity,376.6
2025-10-04 07:45:00,O-001,occupancy,1.0
2025-10-04 08:00:00,T-001,temperature,26.8
2025-10-04 08:00:00,L-001,luminosity,632.4
2025-10-04 08:00:00,O-001,occupancy,0.0
2025-10-04 08:15:00,T-001,temperature,26.75
2025-10-04 08:15:00,L-001,luminosity,578.1
2025-10-04 08:15:00,O-001,occupancy,0.0
2025-10-04 08:30:00,T-001,temperature,28.06
2025-10-04 08:30:00,L-001,luminosity,580.0
2025-10-04 08:30:00,O-001,occupancy,0.0
2025-10-04 08:45:00,T-001,temperature,26.49
2025-10-04 08:45:00,L-001,luminosity,512.0
2025-10-04 08:45:00,O-001,occupancy,1.0
2025-10-04 09:00:00,T-001,temperature,25.48
2025-10-04 09:00:00,L-001,luminosity,828.8
2025-10-04 09:00:00,O-001,occupancy,0.0
2025-10-04 09:15:00,T-001,temperature,25.97
2025-10-04 09:15:00,L-001,luminosity,893.6
2025-10-04 09:15:00,O-001,occupancy,0.0
2025-10-04 09:30:00,T-001,temperature,27.01
2025-10-04 09:30:00,L-001,luminosity,866.0
2025-10-04 09:30:00,O-001,occupancy,0.0
2025-10-04 09:45:00,T-001,temperature,26.75
2025-10-04 09:45:00,L-001,luminosity,795.3
2025-10-04 09:45:00,O-001,occupancy,0.0
2025-10-04 10:00:00,T-001,temperature,24.59
2025-10-04 10:00:00,L-001,luminosity,892.7
2025-10-04 10:00:00,O-001,occupancy,0.0
2025-10-04 10:15:00,T-001,temperature,25.35
2025-10-04 10:15:00,L-001,luminosity,940.6
2025-10-04 10:15:00,O-001,occupancy,0.0
2025-10-04 10:30:00,T-001,temperature,24.43
2025-10-04 10:30:00,L-001,luminosity,883.1
2025-10-04 10:30:00,O-001,occupancy,0.0
2025-10-04 10:45:00,T-001,temperature,24.96
2025-10-04 10:45:00,L-001,luminosity,886.7
2025-10-04 10:45:00,O-001,occupancy,0.0
2025-10-04 11:00:00,T-001,temperature,23.04
2025-10-04 11:00:00,L-001,luminosity,1065.4
2025-10-04 11:00:00,O-001,occupancy,0.0
2025-10-04 11:15:00,T-001,temperature,23.44
2025-10-04 11:15:00,L-001,luminosity,924.8
2025-10-04 11:15:00,O-001,occupancy,0.0
2025-10-04 11:30:00,T-001,temperature,24.5
2025-10-04 11:30:00,L-001,luminosity,1049.9
2025-10-04 11:30:00,O-001,occupancy,0.0
2025-10-04 11:45:00,T-001,temperature,23.62
2025-10-04 11:45:00,L-001,luminosity,884.3
2025-10-04 11:45:00,O-001,occupancy,0.0
2025-10-04 12:00:00,T-001,temperature,21.77
2025-10-04 12:00:00,L-001,luminosity,920.3
2025-10-04 12:00:00,O-001,occupancy,0.0
2025-10-04 12:15:00,T-001,temperature,22.26
2025-10-04 12:15:00,L-001,luminosity,973.4
2025-10-04 12:15:00,O-001,occupancy,0.0
2025-10-04 12:30:00,T-001,temperature,21.99
2025-10-04 12:30:00,L-001,luminosity,1088.6
2025-10-04 12:30:00,O-001,occupancy,0.0
2025-10-04 12:45:00,T-001,temperature,21.7
2025-10-04 12:45:00,L-001,luminosity,1023.4
2025-10-04 12:45:00,O-001,occupancy,0.0
2025-10-04 13:00:00,T-001,temperature,20.83
2025-10-04 13:00:00,L-001,luminosity,1034.1
2025-10-04 13:00:00,O-001,occupancy,0.0
2025-10-04 13:15:00,T-001,temperature,20.4
2025-10-04 13:15:00,L-001,luminosity,962.6
2025-10-04 13:15:00,O-001,occupancy,0.0
2025-10-04 13:30:00,T-001,temperature,20.33
2025-10-04 13:30:00,L-001,luminosity,991.1
2025-10-04 13:30:00,O-001,occupancy,0.0
2025-10-04 13:45:00,T-001,temperature,21.19
2025-10-04 13:45:00,L-001,luminosity,959.2
2025-10-04 13:45:00,O-001,occupancy,0.0
2025-10-04 14:00:00,T-001,temperature,17.79
2025-10-04 14:00:00,L-001,luminosity,937.0
2025-10-04 14:00:00,O-001,occupancy,0.0
2025-10-04 14:15:00,T-001,temperature,19.03
2025-10-04 14:15:00,L-001,luminosity,918.6
2025-10-04 14:15:00,O-001,occupancy,0.0
2025-10-04 14:30:00,T-001,temperature,18.22
2025-10-04 14:30:00,L-001,luminosity,866.4
2025-10-04 14:30:00,O-001,occupancy,0.0
2025-10-04 14:45:00,T-001,temperature,19.4
2025-10-04 14:45:00,L-001,luminosity,830.1
2025-10-04 14:45:00,O-001,occupancy,0.0
2025-10-04 15:00:00,T-001,temperature,17.99
2025-10-04 15:00:00,L-001,luminosity,763.9
2025-10-04 15:00:00,O-001,occupancy,0.0
2025-10-04 15:15:00,T-001,temperature,17.39
2025-10-04 15:15:00,L-001,luminosity,725.2
2025-10-04 15:15:00,O-001,occupancy,0.0
2025-10-04 15:30:00,T-001,temperature,17.25
2025-10-04 15:30:00,L-001,luminosity,768.8
2025-10-04 15:30:00,O-001,occupancy,0.0
2025-10-04 15:45:00,T-001,temperature,17.85
2025-10-04 15:45:00,L-001,luminosity,747.3
2025-10-04 15:45:00,O-001,occupancy,0.0
2025-10-04 16:00:00,T-001,temperature,16.27
2025-10-04 16:00:00,L-001,luminosity,453.9
2025-10-04 16:00:00,O-001,occupancy,0.0
2025-10-04 16:15:00,T-001,temperature,17.02
2025-10-04 16:15:00,L-001,luminosity,645.2
2025-10-04 16:15:00,O-001,occupancy,0.0
2025-10-04 16:30:00,T-001,temperature,17.11
2025-10-04 16:30:00,L-001,luminosity,702.9
2025-10-04 16:30:00,O-001,occupancy,0.0
2025-10-04 16:45:00,T-001,temperature,16.71
2025-10-04 16:45:00,L-001,luminosity,668.7
2025-10-04 16:45:00,O-001,occupancy,0.0
2025-10-04 17:00:00,T-001,temperature,16.0
2025-10-04 17:00:00,L-001,luminosity,367.1
2025-10-04 17:00:00,O-001,occupancy,0.0
2025-10-04 17:15:00,T-001,temperature,16.27
2025-10-04 17:15:00,L-001,luminosity,488.3
2025-10-04 17:15:00,O-001,occupancy,0.0
2025-10-04 17:30:00,T-001,temperature,16.06
2025-10-04 17:30:00,L-001,luminosity,328.9
2025-10-04 17:30:00,O-001,occupancy,0.0
2025-10-04 17:45:00,T-001,temperature,16.65
2025-10-04 17:45:00,L-001,luminosity,403.2
2025-10-04 17:45:00,O-001,occupancy,0.0
2025-10-04 18:00:00,T-001,temperature,16.15
2025-10-04 18:00:00,L-001,luminosity,162.4
2025-10-04 18:00:00,O-001,occupancy,0.0
2025-10-04 18:15:00,T-001,temperature,16.06
2025-10-04 18:15:00,L-001,luminosity,128.1
2025-10-04 18:15:00,O-001,occupancy,0.0
2025-10-04 18:30:00,T-001,temperature,16.94
2025-10-04 18:30:00,L-001,luminosity,254.0
2025-10-04 18:30:00,O-001,occupancy,0.0
2025-10-04 18:45:00,T-001,temperature,16.03
2025-10-04 18:45:00,L-001,luminosity,242.6
2025-10-04 18:45:00,O-001,occupancy,0.0
2025-10-04 19:00:00,T-001,temperature,16.0
2025-10-04 19:00:00,L-001,luminosity,0.0
2025-10-04 19:00:00,O-001,occupancy,0.0
2025-10-04 19:15:00,T-001,temperature,16.72
2025-10-04 19:15:00,L-001,luminosity,0.0
2025-10-04 19:15:00,O-001,occupancy,0.0
2025-10-04 19:30:00,T-001,temperature,16.04
2025-10-04 19:30:00,L-001,luminosity,0.0
2025-10-04 19:30:00,O-001,occupancy,0.0
2025-10-04 19:45:00,T-001,temperature,16.0
2025-10-04 19:45:00,L-001,luminosity,0.0
2025-10-04 19:45:00,O-001,occupancy,0.0
2025-10-04 20:00:00,T-001,temperature,17.84
2025-10-04 20:00:00,L-001,luminosity,0.0
2025-10-04 20:00:00,O-001,occupancy,0.0
2025-10-04 20:15:00,T-001,temperature,16.27
2025-10-04 20:15:00,L-001,luminosity,0.0
2025-10-04 20:15:00,O-001,occupancy,0.0
2025-10-04 20:30:00,T-001,temperature,16.76
2025-10-04 20:30:00,L-001,luminosity,0.0
2025-10-04 20:30:00,O-001,occupancy,0.0
2025-10-04 20:45:00,T-001,temperature,17.03
2025-10-04 20:45:00,L-001,luminosity,0.0
2025-10-04 20:45:00,O-001,occupancy,0.0
2025-10-04 21:00:00,T-001,temperature,17.66
2025-10-04 21:00:00,L-001,luminosity,0.0
2025-10-04 21:00:00,O-001,occupancy,1.0
2025-10-04 21:15:00,T-001,temperature,18.25
2025-10-04 21:15:00,L-001,luminosity,0.0
2025-10-04 21:15:00,O-001,occupancy,0.0
2025-10-04 21:30:00,T-001,temperature,18.05
2025-10-04 21:30:00,L-001,luminosity,0.0
2025-10-04 21:30:00,O-001,occupancy,0.0
2025-10-04 21:45:00,T-001,temperature,17.92
2025-10-04 21:45:00,L-001,luminosity,0.0
2025-10-04 21:45:00,O-001,occupancy,0.0
2025-10-04 22:00:00,T-001,temperature,19.08
2025-10-04 22:00:00,L-001,luminosity,0.0
2025-10-04 22:00:00,O-001,occupancy,0.0
2025-10-04 22:15:00,T-001,temperature,19.66
2025-10-04 22:15:00,L-001,luminosity,0.0
2025-10-04 22:15:00,O-001,occupancy,0.0
2025-10-04 22:30:00,T-001,temperature,17.94
2025-10-04 22:30:00,L-001,luminosity,0.0
2025-10-04 22:30:00,O-001,occupancy,0.0
2025-10-04 22:45:00,T-001,temperature,18.7
2025-10-04 22:45:00,L-001,luminosity,0.0
2025-10-04 22:45:00,O-001,occupancy,0.0
2025-10-04 23:00:00,T-001,temperature,20.87
2025-10-04 23:00:00,L-001,luminosity,0.0
2025-10-04 23:00:00,O-001,occupancy,0.0
2025-10-04 23:15:00,T-001,temperature,20.72
2025-10-04 23:15:00,L-001,luminosity,0.0
2025-10-04 23:15:00,O-001,occupancy,0.0
2025-10-04 23:30:00,T-001,temperature,21.25
2025-10-04 23:30:00,L-001,luminosity,0.0
2025-10-04 23:30:00,O-001,occupancy,0.0
2025-10-04 23:45:00,T-001,temperature,20.29
2025-10-04 23:45:00,L-001,luminosity,0.0
2025-10-04 23:45:00,O-001,occupancy,0.0
